Date,Movie ID,Movie Name,Movie Genre,Movie Time,Sales,Ticket Price,Is Weekend,Season
2022-01-01,1.0,Movie_1,Sci-Fi,Noon,202.5,25,True,Winter
2022-01-02,1.0,Movie_1,Horror,Morning,376.5,15,True,Winter
2022-01-03,1.0,Movie_1,Horror,Morning,51.0,10,False,Winter
2022-01-04,1.0,Movie_1,Action,Midnight,463.0,10,False,Winter
2022-01-05,1.0,Movie_1,Romance,Noon,203.0,35,False,Winter
2022-01-06,,Movie_1,Documentary,Morning,215.0,40,False,Winter
2022-01-07,1.0,Movie_1,Comedy,Midnight,171.0,15,False,Winter
2022-01-08,1.0,Movie_1,Documentary,Morning,232.5,40,True,Winter
2022-01-09,1.0,Movie_1,Horror,Morning,613.5,20,True,Winter
2022-01-10,1.0,Movie_1,Romance,Noon,172.0,35,False,Winter
2022-01-11,1.0,Movie_1,Action,Noon,122.0,40,False,Winter
2022-01-12,1.0,Movie_1,Documentary,Midnight,419.0,25,False,Winter
2022-01-13,1.0,Movie_1,Comedy,Midnight,367.0,25,False,Winter
2022-01-14,1.0,Movie_1,Sci-Fi,Midnight,432.0,40,False,Winter
2022-01-15,1.0,Movie_1,Drama,Noon,385.5,25,True,Winter
2022-01-16,1.0,Movie_1,Sci-Fi,Midnight,106.5,15,True,Winter
2022-01-17,1.0,Movie_1,Documentary,Noon,176.0,10,False,Winter
2022-01-18,1.0,Movie_1,Horror,Midnight,63.0,20,False,Winter
2022-01-19,1.0,Movie_1,Comedy,Noon,61.0,40,False,Winter
2022-01-20,1.0,Movie_1,Horror,Midnight,74.0,30,False,Winter
2022-01-21,1.0,Movie_1,Drama,Midnight,196.0,40,False,Winter
2022-01-22,1.0,Movie_1,Sci-Fi,Noon,333.0,30,True,Winter
2022-01-23,1.0,Movie_1,Documentary,Noon,348.0,20,True,Winter
2022-01-24,1.0,Movie_1,Horror,Morning,451.0,20,False,Winter
2022-01-25,1.0,Movie_1,Sci-Fi,Noon,401.0,10,False,Winter
2022-01-26,1.0,Movie_1,Drama,Noon,461.0,-10,False,Winter
2022-01-27,1.0,Movie_1,Drama,Noon,494.0,30,False,Winter
2022-01-28,1.0,Movie_1,Sci-Fi,Morning,440.0,25,False,Winter
2022-01-29,1.0,Movie_1,Action,Midnight,393.0,40,True,Winter
2022-01-30,1.0,Movie_1,Comedy,Midnight,109.5,25,True,Winter
2022-01-31,1.0,Movie_1,Romance,Noon,269.0,25,False,Winter
2022-02-01,1.0,Movie_1,Sci-Fi,Noon,493.0,15,False,Winter
2022-02-02,1.0,Movie_1,Action,Noon,145.0,10,False,Winter
2022-02-03,1.0,Movie_1,Horror,Midnight,166.0,15,False,Winter
2022-02-04,1.0,Movie_1,Horror,Morning,384.0,15,False,Winter
2022-02-05,1.0,Movie_1,Horror,Noon,516.0,15,True,Winter
2022-02-06,1.0,Movie_1,Drama,Noon,352.5,35,True,Winter
2022-02-07,1.0,Movie_1,Romance,Midnight,180.0,30,False,Winter
2022-02-08,1.0,Movie_1,Comedy,Noon,70.0,40,False,Winter
2022-02-09,1.0,Movie_1,Action,Noon,331.0,25,False,Winter
2022-02-10,1.0,Movie_1,Sci-Fi,Noon,347.0,25,False,Winter
2022-02-11,1.0,Movie_1,Sci-Fi,Midnight,51.0,40,False,Winter
2022-02-12,1.0,Movie_1,Romance,Noon,706.5,30,True,Winter
2022-02-13,1.0,Movie_1,Action,Midnight,547.5,30,True,Winter
2022-02-14,1.0,Movie_1,Documentary,Midnight,280.0,10,False,Winter
2022-02-15,1.0,Movie_1,Horror,Morning,280.0,35,False,Winter
2022-02-16,1.0,Movie_1,Action,Midnight,394.0,10,False,Winter
2022-02-17,1.0,Movie_1,Horror,Morning,212.0,30,False,Winter
2022-02-18,1.0,Movie_1,Romance,Morning,473.0,25,False,Winter
2022-02-19,1.0,Movie_1,Horror,Midnight,684.0,40,True,Winter
2022-02-20,1.0,Movie_1,Documentary,Midnight,88.5,20,True,Winter
2022-02-21,1.0,Movie_1,Sci-Fi,Midnight,129.0,15,False,Winter
2022-02-22,1.0,Movie_1,Romance,Midnight,381.0,35,False,Winter
2022-02-23,1.0,Movie_1,Action,Morning,182.0,25,False,Winter
2022-02-24,1.0,Movie_1,Drama,Midnight,50.0,10,False,Winter
2022-02-25,1.0,Movie_1,Sci-Fi,Noon,333.0,10,False,Winter
2022-02-26,1.0,Movie_1,Drama,Noon,336.0,30,True,Winter
2022-02-27,1.0,Movie_1,Horror,Noon,531.0,10,True,Winter
2022-02-28,1.0,Movie_1,Horror,Noon,205.0,40,False,Winter
2022-03-01,1.0,Movie_1,Documentary,Noon,157.0,20,False,Spring
2022-03-02,1.0,Movie_1,Romance,Noon,419.0,35,False,Spring
2022-03-03,1.0,Movie_1,Comedy,Midnight,342.0,25,False,Spring
2022-03-04,1.0,Movie_1,Comedy,Midnight,50.0,40,False,Spring
2022-03-05,1.0,Movie_1,Drama,Noon,441.0,20,True,Spring
2022-03-06,1.0,Movie_1,Romance,Morning,342.0,35,True,Spring
2022-03-07,1.0,Movie_1,Horror,Midnight,325.0,30,False,Spring
2022-03-08,1.0,Movie_1,Comedy,Noon,300.0,20,False,Spring
2022-03-09,1.0,Movie_1,Sci-Fi,Morning,266.0,15,False,Spring
2022-03-10,1.0,Movie_1,Romance,Midnight,88.0,40,False,Spring
2022-03-11,1.0,Movie_1,Documentary,Midnight,227.0,40,False,Spring
2022-03-12,1.0,Movie_1,Horror,Noon,583.5,40,True,Spring
2022-03-13,1.0,Movie_1,Sci-Fi,Midnight,535.5,15,True,Spring
2022-03-14,1.0,Movie_1,Comedy,Midnight,424.0,15,False,Spring
2022-03-15,1.0,Movie_1,Romance,Morning,313.0,30,False,Spring
2022-03-16,1.0,Movie_1,Sci-Fi,Noon,135.0,40,False,Spring
2022-03-17,1.0,Movie_1,Comedy,Morning,360.0,40,False,Spring
2022-03-18,1.0,Movie_1,Comedy,Midnight,463.0,15,False,Spring
2022-03-19,1.0,Movie_1,Comedy,Morning,112.5,40,True,Spring
2022-03-20,1.0,Movie_1,Action,Midnight,565.5,10,True,Spring
2022-03-21,1.0,Movie_1,Sci-Fi,Noon,338.0,10,False,Spring
2022-03-22,1.0,Movie_1,Drama,Midnight,102.0,30,False,Spring
2022-03-23,1.0,Movie_1,Action,Midnight,495.0,25,False,Spring
2022-03-24,1.0,Movie_1,Comedy,Morning,241.0,35,False,Spring
2022-03-25,1.0,Movie_1,Documentary,Midnight,210.0,10,False,Spring
2022-03-26,1.0,Movie_1,Action,Midnight,183.0,30,True,Spring
2022-03-28,2.0,Movie_2,Documentary,Midnight,373.0,15,False,Spring
2022-03-29,2.0,Movie_2,Romance,Noon,181.0,35,False,Spring
2022-03-30,2.0,Movie_2,Drama,Noon,131.0,30,False,Spring
2022-03-31,2.0,Movie_2,Action,Noon,388.0,30,False,Spring
2022-04-01,2.0,Movie_2,Drama,Morning,393.0,35,False,Spring
2022-04-02,2.0,Movie_2,Sci-Fi,Noon,207.0,30,True,Spring
2022-04-03,2.0,Movie_2,Documentary,Morning,187.5,15,True,Spring
2022-04-04,2.0,Movie_2,Documentary,Noon,452.0,25,False,Spring
2022-04-05,2.0,Movie_2,Romance,Midnight,466.0,10,False,Spring
2022-04-06,2.0,Movie_2,Action,Noon,477.0,35,False,Spring
2022-04-07,2.0,Movie_2,Comedy,Midnight,404.0,35,False,Spring
2022-04-08,2.0,Movie_2,Sci-Fi,Midnight,499.0,35,False,Spring
2022-04-09,2.0,Movie_2,Action,Noon,201.0,15,True,Spring
2022-04-10,2.0,Movie_2,Comedy,Noon,691.5,30,True,Spring
2022-04-11,2.0,Movie_2,Romance,Midnight,202.0,25,False,Spring
2022-04-12,2.0,Movie_2,Romance,Morning,353.0,30,False,Spring
2022-04-13,2.0,Movie_2,Documentary,Midnight,277.0,40,False,Spring
2022-04-14,2.0,Movie_2,Drama,Noon,375.0,35,False,Spring
2022-04-15,2.0,Movie_2,Comedy,Midnight,428.0,20,False,Spring
2022-04-16,2.0,Movie_2,Romance,Noon,684.0,20,True,Spring
2022-04-17,2.0,Movie_2,Documentary,Noon,259.5,40,True,Spring
2022-04-18,2.0,Movie_2,Action,Noon,252.0,20,False,Spring
2022-04-19,2.0,Movie_2,Documentary,Noon,326.0,30,False,Spring
2022-04-20,2.0,Movie_2,Sci-Fi,Noon,339.0,35,False,Spring
2022-04-21,2.0,Movie_2,Romance,Noon,422.0,25,False,Spring
2022-04-22,2.0,Movie_2,Sci-Fi,Midnight,206.0,40,False,Spring
2022-04-23,2.0,Movie_2,Horror,Noon,277.5,15,True,Spring
2022-04-24,2.0,Movie_2,Horror,Midnight,292.5,15,True,Spring
2022-04-25,2.0,Movie_2,Action,Midnight,181.0,15,False,Spring
2022-04-26,2.0,Movie_2,Action,Midnight,312.0,40,False,Spring
2022-04-27,2.0,Movie_2,Horror,Midnight,88.0,30,False,Spring
2022-04-28,2.0,Movie_2,Documentary,Noon,496.0,10,False,Spring
2022-04-29,2.0,Movie_2,Comedy,Midnight,347.0,25,False,Spring
2022-04-30,2.0,Movie_2,Horror,Noon,634.5,40,True,Spring
2022-05-01,2.0,Movie_2,Sci-Fi,Morning,331.5,30,True,Spring
2022-05-02,2.0,Movie_2,Comedy,Midnight,190.0,40,False,Spring
2022-05-03,2.0,Movie_2,Sci-Fi,Noon,326.0,35,False,Spring
2022-05-04,2.0,Movie_2,Horror,Midnight,75.0,10,False,Spring
2022-05-05,2.0,Movie_2,Documentary,Midnight,427.0,10,False,Spring
2022-05-06,2.0,Movie_2,Romance,Midnight,121.0,10,False,Spring
2022-05-07,2.0,Movie_2,Comedy,Midnight,513.0,25,True,Spring
2022-05-08,2.0,Movie_2,Comedy,Noon,102.0,25,True,Spring
2022-05-09,2.0,Movie_2,Horror,Noon,251.0,10,False,Spring
2022-05-10,2.0,Movie_2,Comedy,Noon,213.0,15,False,Spring
2022-05-11,2.0,Movie_2,Action,Noon,291.0,30,False,Spring
2022-05-12,2.0,Movie_2,Documentary,Morning,157.0,15,False,Spring
2022-05-13,2.0,Movie_2,Action,Noon,198.0,10,False,Spring
2022-05-14,2.0,Movie_2,Sci-Fi,Noon,288.0,20,True,Spring
2022-05-15,2.0,Movie_2,Horror,Noon,313.5,20,True,Spring
2022-05-16,2.0,Movie_2,Comedy,Midnight,127.0,30,False,Spring
2022-05-17,2.0,Movie_2,Romance,Midnight,303.0,10,False,Spring
2022-05-18,2.0,Movie_2,Comedy,Noon,312.0,30,False,Spring
2022-05-19,2.0,Movie_2,Comedy,Noon,91.0,35,False,Spring
2022-05-20,2.0,Movie_2,Romance,Noon,474.0,10,False,Spring
2022-05-21,2.0,Movie_2,Drama,Noon,493.5,25,True,Spring
2022-05-22,2.0,Movie_2,Sci-Fi,Noon,175.5,15,True,Spring
2022-05-23,2.0,Movie_2,Sci-Fi,Midnight,337.0,40,False,Spring
2022-05-24,2.0,Movie_2,Romance,Midnight,85.0,30,False,Spring
2022-05-25,2.0,Movie_2,Action,Noon,436.0,10,False,Spring
2022-05-26,2.0,Movie_2,Action,Midnight,119.0,10,False,Spring
2022-05-27,2.0,Movie_2,Documentary,Noon,318.0,10,False,Spring
2022-05-28,2.0,Movie_2,Horror,Morning,739.5,30,True,Spring
2022-05-29,2.0,Movie_2,Horror,Midnight,313.5,30,True,Spring
2022-05-30,2.0,Movie_2,Sci-Fi,Noon,99.0,20,False,Spring
2022-05-31,2.0,Movie_2,Sci-Fi,Midnight,430.0,15,False,Spring
2022-06-01,2.0,Movie_2,Drama,Noon,562.5,15,False,Summer
2022-06-02,2.0,Movie_2,Documentary,Midnight,460.5,35,False,Summer
2022-06-03,2.0,Movie_2,Action,Noon,604.5,40,False,Summer
2022-06-04,2.0,Movie_2,Sci-Fi,Noon,704.25,35,True,Summer
2022-06-05,2.0,Movie_2,Horror,Midnight,191.25,30,True,Summer
2022-06-06,2.0,Movie_2,Romance,Midnight,504.0,40,False,Summer
2022-06-07,2.0,Movie_2,Action,Noon,385.5,15,False,Summer
2022-06-08,2.0,Movie_2,Sci-Fi,Midnight,255.0,40,False,Summer
2022-06-10,3.0,Movie_3,Horror,Morning,673.5,25,False,Summer
2022-06-11,3.0,Movie_3,Horror,Noon,434.25,35,True,Summer
2022-06-12,3.0,Movie_3,Romance,Noon,893.25,20,True,Summer
2022-06-13,3.0,Movie_3,Sci-Fi,Noon,613.5,25,False,Summer
2022-06-14,3.0,Movie_3,Action,Midnight,502.5,30,False,Summer
2022-06-15,3.0,Movie_3,Horror,Noon,682.5,15,False,Summer
2022-06-16,3.0,Movie_3,Documentary,Morning,481.5,25,False,Summer
2022-06-17,3.0,Movie_3,Sci-Fi,Noon,412.5,30,False,Summer
2022-06-18,3.0,Movie_3,Sci-Fi,Noon,450.0,15,True,Summer
2022-06-19,3.0,Movie_3,Romance,Morning,922.5,30,True,Summer
2022-06-20,3.0,Movie_3,Comedy,Midnight,447.0,10,False,Summer
2022-06-21,3.0,Movie_3,Action,Midnight,558.0,25,False,Summer
2022-06-22,3.0,Movie_3,Sci-Fi,Noon,304.5,25,False,Summer
2022-06-23,3.0,Movie_3,Comedy,Noon,466.5,20,False,Summer
2022-06-24,3.0,Movie_3,Sci-Fi,Midnight,288.0,35,False,Summer
2022-06-25,3.0,Movie_3,Horror,Noon,659.25,15,True,Summer
2022-06-26,3.0,Movie_3,Horror,Morning,204.75,35,True,Summer
2022-06-27,3.0,Movie_3,Comedy,Midnight,510.0,35,False,Summer
2022-06-28,3.0,Movie_3,Comedy,Midnight,274.5,20,False,Summer
2022-06-29,3.0,Movie_3,Documentary,Noon,94.5,10,False,Summer
2022-06-30,3.0,Movie_3,Documentary,Noon,318.0,15,False,Summer
2022-07-01,3.0,Movie_3,Drama,Morning,702.0,15,False,Summer
2022-07-02,3.0,Movie_3,Sci-Fi,Noon,686.25,15,True,Summer
2022-07-03,3.0,Movie_3,Action,Morning,742.5,30,True,Summer
2022-07-04,3.0,Movie_3,Sci-Fi,Morning,319.5,40,False,Summer
2022-07-05,3.0,Movie_3,Sci-Fi,Morning,238.5,35,False,Summer
2022-07-06,3.0,Movie_3,Sci-Fi,Midnight,727.5,20,False,Summer
2022-07-07,3.0,Movie_3,Drama,Midnight,658.5,10,False,Summer
2022-07-08,3.0,Movie_3,Romance,Noon,661.5,30,False,Summer
2022-07-09,3.0,Movie_3,Comedy,Noon,166.5,40,True,Summer
2022-07-10,3.0,Movie_3,Horror,Midnight,1109.25,25,True,Summer
2022-07-11,3.0,Movie_3,Horror,Midnight,120.0,35,False,Summer
2022-07-12,3.0,Movie_3,Horror,Morning,547.5,40,False,Summer
2022-07-13,3.0,Movie_3,Sci-Fi,Midnight,138.0,35,False,Summer
2022-07-14,3.0,Movie_3,Comedy,Midnight,300.0,20,False,Summer
2022-07-15,3.0,Movie_3,Documentary,Noon,81.0,20,False,Summer
2022-07-16,3.0,Movie_3,Comedy,Midnight,886.5,15,True,Summer
2022-07-17,3.0,Movie_3,Sci-Fi,Midnight,510.75,30,True,Summer
2022-07-18,3.0,Movie_3,Documentary,Noon,198.0,10,False,Summer
2022-07-19,3.0,Movie_3,Drama,Noon,567.0,25,False,Summer
2022-07-20,3.0,Movie_3,Sci-Fi,Midnight,630.0,40,False,Summer
2022-07-21,3.0,Movie_3,Horror,Morning,463.5,25,False,Summer
2022-07-22,3.0,Movie_3,Documentary,Noon,483.0,30,False,Summer
2022-07-23,3.0,Movie_3,Documentary,Midnight,803.25,30,True,Summer
2022-07-24,3.0,Movie_3,Horror,Noon,389.25,35,True,Summer
2022-07-25,3.0,Movie_3,Documentary,Morning,168.0,30,False,Summer
2022-07-26,3.0,Movie_3,Horror,Midnight,457.5,30,False,Summer
2022-07-27,3.0,Movie_3,Drama,Noon,306.0,25,False,Summer
2022-07-28,3.0,Movie_3,Sci-Fi,Midnight,417.0,30,False,Summer
2022-07-29,3.0,Movie_3,Sci-Fi,Noon,348.0,15,False,Summer
2022-07-30,3.0,Movie_3,Sci-Fi,Midnight,1021.5,35,True,Summer
2022-07-31,3.0,Movie_3,Sci-Fi,Noon,420.75,40,True,Summer
2022-08-01,3.0,Movie_3,Comedy,Noon,708.0,30,False,Summer
2022-08-02,3.0,Movie_3,Action,Midnight,393.0,15,False,Summer
2022-08-03,3.0,Movie_3,Comedy,Midnight,393.0,30,False,Summer
2022-08-04,3.0,Movie_3,Comedy,Noon,333.0,25,False,Summer
2022-08-05,3.0,Movie_3,Action,Noon,355.5,20,False,Summer
2022-08-06,3.0,Movie_3,Documentary,Noon,803.25,40,True,Summer
2022-08-07,3.0,Movie_3,Romance,Midnight,551.25,15,True,Summer
2022-08-08,3.0,Movie_3,Horror,Midnight,196.5,20,False,Summer
2022-08-09,3.0,Movie_3,Action,Midnight,727.5,30,False,Summer
2022-08-10,3.0,Movie_3,Sci-Fi,Midnight,105.0,15,False,Summer
2022-08-11,3.0,Movie_3,Romance,Morning,231.0,10,False,Summer
2022-08-12,3.0,Movie_3,Action,Midnight,267.0,15,False,Summer
2022-08-13,3.0,Movie_3,Horror,Midnight,328.5,15,True,Summer
2022-08-14,3.0,Movie_3,Comedy,Midnight,1109.25,30,True,Summer
2022-08-15,3.0,Movie_3,Horror,Midnight,444.0,15,False,Summer
2022-08-16,3.0,Movie_3,Drama,Noon,373.5,10,False,Summer
2022-08-17,3.0,Movie_3,Documentary,Morning,739.5,40,False,Summer
2022-08-18,3.0,Movie_3,Romance,Noon,177.0,25,False,Summer
2022-08-19,3.0,Movie_3,Action,Noon,225.0,30,False,Summer
2022-08-20,3.0,Movie_3,Action,Noon,207.0,10,True,Summer
2022-08-21,3.0,Movie_3,Romance,Noon,1028.25,20,True,Summer
2022-08-22,3.0,Movie_3,Action,Noon,295.5,30,False,Summer
2022-08-23,3.0,Movie_3,Comedy,Midnight,415.5,20,False,Summer
2022-08-24,3.0,Movie_3,Horror,Noon,660.0,20,False,Summer
2022-08-26,4.0,Movie_4,Drama,Midnight,736.5,30,False,Summer
2022-08-27,4.0,Movie_4,Romance,Midnight,902.25,15,True,Summer
2022-08-28,4.0,Movie_4,Sci-Fi,Midnight,868.5,40,True,Summer
2022-08-29,4.0,Movie_4,Action,Midnight,748.5,40,False,Summer
2022-08-30,4.0,Movie_4,Comedy,Noon,147.0,25,False,Summer
2022-08-31,4.0,Movie_4,Sci-Fi,Noon,190.5,10,False,Summer
2022-09-01,4.0,Movie_4,Action,Midnight,427.0,40,False,Fall
2022-09-02,4.0,Movie_4,Sci-Fi,Morning,315.0,30,False,Fall
2022-09-03,4.0,Movie_4,Horror,Midnight,594.0,15,True,Fall
2022-09-04,4.0,Movie_4,Sci-Fi,Midnight,345.0,40,True,Fall
2022-09-05,4.0,Movie_4,Horror,Morning,60.0,15,False,Fall
2022-09-06,4.0,Movie_4,Documentary,Morning,473.0,15,False,Fall
2022-09-07,4.0,Movie_4,Documentary,Midnight,202.0,20,False,Fall
2022-09-08,4.0,Movie_4,Sci-Fi,Midnight,163.0,35,False,Fall
2022-09-09,4.0,Movie_4,Horror,Midnight,262.0,25,False,Fall
2022-09-10,4.0,Movie_4,Drama,Midnight,243.0,30,True,Fall
2022-09-11,4.0,Movie_4,Drama,Midnight,121.5,35,True,Fall
2022-09-12,4.0,Movie_4,Documentary,Noon,317.0,10,False,Fall
2022-09-13,4.0,Movie_4,Documentary,Morning,198.0,30,False,Fall
2022-09-14,4.0,Movie_4,Sci-Fi,Noon,175.0,35,False,Fall
2022-09-15,4.0,Movie_4,Sci-Fi,Noon,200.0,25,False,Fall
2022-09-16,4.0,Movie_4,Drama,Noon,199.0,20,False,Fall
2022-09-17,4.0,Movie_4,Action,Noon,595.5,30,True,Fall
2022-09-18,4.0,Movie_4,Romance,Morning,460.5,30,True,Fall
2022-09-19,4.0,Movie_4,Romance,Noon,332.0,15,False,Fall
2022-09-20,4.0,Movie_4,Documentary,Noon,456.0,25,False,Fall
2022-09-21,4.0,Movie_4,Romance,Noon,220.0,30,False,Fall
2022-09-22,4.0,Movie_4,Romance,Morning,233.0,20,False,Fall
2022-09-23,4.0,Movie_4,Documentary,Noon,68.0,40,False,Fall
2022-09-24,4.0,Movie_4,Romance,Midnight,516.0,25,True,Fall
2022-09-25,4.0,Movie_4,Documentary,Midnight,265.5,30,True,Fall
2022-09-26,4.0,Movie_4,Documentary,Noon,411.0,15,False,Fall
2022-09-27,4.0,Movie_4,Action,Midnight,310.0,20,False,Fall
2022-09-28,4.0,Movie_4,Action,Noon,153.0,20,False,Fall
2022-09-29,4.0,Movie_4,Comedy,Morning,59.0,30,False,Fall
2022-09-30,4.0,Movie_4,Sci-Fi,Noon,268.0,20,False,Fall
2022-10-01,4.0,Movie_4,Comedy,Midnight,241.5,30,True,Fall
2022-10-02,4.0,Movie_4,Action,Noon,703.5,35,True,Fall
2022-10-03,4.0,Movie_4,Comedy,Midnight,363.0,35,False,Fall
2022-10-04,4.0,Movie_4,Horror,Morning,63.0,10,False,Fall
2022-10-05,4.0,Movie_4,Comedy,Noon,426.0,25,False,Fall
2022-10-06,4.0,Movie_4,Drama,Noon,272.0,40,False,Fall
2022-10-07,4.0,Movie_4,Sci-Fi,Noon,260.0,30,False,Fall
2022-10-08,4.0,Movie_4,Comedy,Noon,240.0,30,True,Fall
2022-10-09,4.0,Movie_4,Horror,Noon,664.5,35,True,Fall
2022-10-10,4.0,Movie_4,Drama,Midnight,342.0,35,False,Fall
2022-10-11,4.0,Movie_4,Romance,Noon,408.0,30,False,Fall
2022-10-12,4.0,Movie_4,Comedy,Noon,479.0,25,False,Fall
2022-10-13,4.0,Movie_4,Horror,Midnight,478.0,25,False,Fall
2022-10-14,4.0,Movie_4,Action,Noon,120.0,25,False,Fall
2022-10-15,4.0,Movie_4,Romance,Midnight,78.0,30,True,Fall
2022-10-16,4.0,Movie_4,Comedy,Noon,655.5,35,True,Fall
2022-10-17,4.0,Movie_4,Comedy,Midnight,131.0,20,False,Fall
2022-10-18,4.0,Movie_4,Documentary,Midnight,109.0,20,False,Fall
2022-10-19,4.0,Movie_4,Action,Midnight,260.0,35,False,Fall
2022-10-20,4.0,Movie_4,Romance,Midnight,79.0,15,False,Fall
2022-10-21,4.0,Movie_4,Sci-Fi,Noon,464.0,25,False,Fall
2022-10-22,4.0,Movie_4,Drama,Midnight,415.5,35,True,Fall
2022-10-23,4.0,Movie_4,Documentary,Morning,348.0,10,True,Fall
2022-10-24,4.0,Movie_4,Comedy,Noon,162.0,20,False,Fall
2022-10-25,4.0,Movie_4,Horror,Midnight,352.0,20,False,Fall
2022-10-26,4.0,Movie_4,Action,Midnight,167.0,30,False,Fall
2022-10-27,4.0,Movie_4,Action,Morning,247.0,25,False,Fall
2022-10-28,4.0,Movie_4,Horror,Midnight,448.0,35,False,Fall
2022-10-29,4.0,Movie_4,Documentary,Midnight,259.5,20,True,Fall
2022-10-30,4.0,Movie_4,Documentary,Midnight,208.5,30,True,Fall
2022-10-31,4.0,Movie_4,Action,Noon,110.0,15,False,Fall
2022-11-01,4.0,Movie_4,Comedy,Noon,156.0,10,False,Fall
2022-11-02,4.0,Movie_4,Sci-Fi,Midnight,167.0,30,False,Fall
2022-11-03,4.0,Movie_4,Sci-Fi,Morning,414.0,20,False,Fall
2022-11-04,4.0,Movie_4,Romance,Noon,475.0,20,False,Fall
2022-11-05,4.0,Movie_4,Sci-Fi,Midnight,177.0,30,True,Fall
2022-11-06,4.0,Movie_4,Romance,Noon,147.0,30,True,Fall
2022-11-07,4.0,Movie_4,Comedy,Noon,405.0,35,False,Fall
2022-11-08,4.0,Movie_4,Comedy,Noon,175.0,40,False,Fall
2022-11-09,4.0,Movie_4,Documentary,Morning,468.0,10,False,Fall
2022-11-10,4.0,Movie_4,Action,Noon,375.0,10,False,Fall
2022-11-11,4.0,Movie_4,Sci-Fi,Midnight,365.0,25,False,Fall
2022-11-12,4.0,Movie_4,Horror,Midnight,120.0,25,True,Fall
2022-11-13,4.0,Movie_4,Action,Noon,393.0,35,True,Fall
2022-11-14,4.0,Movie_4,Horror,Midnight,463.0,35,False,Fall
2022-11-15,4.0,Movie_4,Horror,Noon,212.0,40,False,Fall
2022-11-16,4.0,Movie_4,Horror,Midnight,169.0,15,False,Fall
2022-11-17,4.0,Movie_4,Sci-Fi,Midnight,266.0,30,False,Fall
2022-11-18,4.0,Movie_4,Sci-Fi,Midnight,378.0,30,False,Fall
2022-11-19,4.0,Movie_4,Horror,Noon,234.0,25,True,Fall
2022-11-20,4.0,Movie_4,Comedy,Midnight,618.0,10,True,Fall
2022-11-21,4.0,Movie_4,Romance,Noon,227.0,10,False,Fall
2022-11-23,5.0,Movie_5,Documentary,Noon,176.0,40,False,Fall
2022-11-24,5.0,Movie_5,Comedy,Noon,252.0,25,False,Fall
2022-11-25,5.0,Movie_5,Documentary,Noon,454.0,15,False,Fall
2022-11-26,5.0,Movie_5,Comedy,Midnight,637.5,35,True,Fall
2022-11-27,5.0,Movie_5,Action,Noon,544.5,30,True,Fall
2022-11-28,5.0,Movie_5,Comedy,Noon,180.0,40,False,Fall
2022-11-29,5.0,Movie_5,Comedy,Noon,354.0,20,False,Fall
2022-11-30,5.0,Movie_5,Drama,Midnight,390.0,25,False,Fall
2022-12-01,5.0,Movie_5,Action,Midnight,474.0,10,False,Winter
2022-12-02,5.0,Movie_5,Comedy,Noon,245.0,40,False,Winter
2022-12-03,5.0,Movie_5,Comedy,Midnight,564.0,35,True,Winter
2022-12-04,5.0,Movie_5,Documentary,Morning,195.0,30,True,Winter
2022-12-05,5.0,Movie_5,Romance,Morning,77.0,15,False,Winter
2022-12-06,5.0,Movie_5,Drama,Midnight,472.0,35,False,Winter
2022-12-07,5.0,Movie_5,Action,Morning,147.0,35,False,Winter
2022-12-08,5.0,Movie_5,Sci-Fi,Noon,147.0,10,False,Winter
2022-12-09,5.0,Movie_5,Comedy,Noon,54.0,15,False,Winter
2022-12-10,5.0,Movie_5,Sci-Fi,Midnight,172.5,15,True,Winter
2022-12-11,5.0,Movie_5,Comedy,Noon,261.0,40,True,Winter
2022-12-12,5.0,Movie_5,Sci-Fi,Midnight,393.0,40,False,Winter
2022-12-13,5.0,Movie_5,Sci-Fi,Midnight,108.0,15,False,Winter
2022-12-14,5.0,Movie_5,Drama,Noon,368.0,10,False,Winter
2022-12-15,5.0,Movie_5,Documentary,Noon,69.0,15,False,Winter
2022-12-16,5.0,Movie_5,Documentary,Noon,415.0,25,False,Winter
2022-12-17,5.0,Movie_5,Sci-Fi,Noon,421.5,30,True,Winter
2022-12-18,5.0,Movie_5,Documentary,Noon,247.5,25,True,Winter
2022-12-19,5.0,Movie_5,Sci-Fi,Midnight,430.0,10,False,Winter
2022-12-20,5.0,Movie_5,Comedy,Midnight,75.0,10,False,Winter
2022-12-21,5.0,Movie_5,Documentary,Morning,458.0,35,False,Winter
2022-12-22,5.0,Movie_5,Drama,Noon,93.0,10,False,Winter
2022-12-23,5.0,Movie_5,Comedy,Noon,276.0,35,False,Winter
2022-12-24,5.0,Movie_5,Documentary,Noon,492.0,10,True,Winter
2022-12-25,5.0,Movie_5,Drama,Morning,714.0,20,True,Winter
2022-12-26,5.0,Movie_5,Romance,Noon,316.0,25,False,Winter
2022-12-27,5.0,Movie_5,Comedy,Noon,457.0,25,False,Winter
2022-12-28,5.0,Movie_5,Horror,Midnight,213.0,30,False,Winter
2022-12-29,5.0,Movie_5,Romance,Noon,104.0,10,False,Winter
2022-12-30,5.0,Movie_5,Documentary,Midnight,153.0,15,False,Winter
2022-12-31,5.0,Movie_5,Comedy,Midnight,475.5,15,True,Winter
2023-01-01,6.0,Movie_6,Drama,Midnight,462.0,20,True,Winter
2023-01-02,6.0,Movie_6,Comedy,Midnight,89.0,35,False,Winter
2023-01-03,6.0,Movie_6,Action,Midnight,178.0,40,False,Winter
2023-01-04,6.0,Movie_6,Romance,Midnight,225.0,20,False,Winter
2023-01-05,6.0,Movie_6,Romance,Noon,415.0,35,False,Winter
2023-01-06,6.0,Movie_6,Drama,Midnight,61.0,20,False,Winter
2023-01-07,6.0,Movie_6,Sci-Fi,Noon,97.5,10,True,Winter
2023-01-08,6.0,Movie_6,Documentary,Midnight,636.0,30,True,Winter
2023-01-09,6.0,Movie_6,Romance,Midnight,318.0,15,False,Winter
2023-01-10,6.0,Movie_6,Horror,Midnight,151.0,15,False,Winter
2023-01-11,6.0,Movie_6,Documentary,Midnight,296.0,20,False,Winter
2023-01-12,6.0,Movie_6,Romance,Midnight,180.0,10,False,Winter
2023-01-13,6.0,Movie_6,Horror,Midnight,453.0,15,False,Winter
2023-01-14,6.0,Movie_6,Comedy,Midnight,273.0,20,True,Winter
2023-01-15,6.0,Movie_6,Romance,Midnight,471.0,25,True,Winter
2023-01-16,6.0,Movie_6,Sci-Fi,Morning,183.0,20,False,Winter
2023-01-17,6.0,Movie_6,Horror,Midnight,426.0,20,False,Winter
2023-01-18,6.0,Movie_6,Comedy,Midnight,413.0,10,False,Winter
2023-01-19,6.0,Movie_6,Romance,Noon,275.0,35,False,Winter
2023-01-20,6.0,Movie_6,Drama,Midnight,335.0,15,False,Winter
2023-01-21,6.0,Movie_6,Romance,Midnight,445.5,15,True,Winter
2023-01-22,6.0,Movie_6,Sci-Fi,Morning,318.0,25,True,Winter
2023-01-23,6.0,Movie_6,Comedy,Midnight,356.0,40,False,Winter
2023-01-24,6.0,Movie_6,Comedy,Midnight,124.0,10,False,Winter
2023-01-25,6.0,Movie_6,Documentary,Noon,322.0,30,False,Winter
2023-01-26,6.0,Movie_6,Horror,Midnight,399.0,40,False,Winter
2023-01-27,6.0,Movie_6,Drama,Noon,338.0,25,False,Winter
2023-01-28,6.0,Movie_6,Romance,Morning,172.5,20,True,Winter
2023-01-29,6.0,Movie_6,Horror,Noon,375.0,25,True,Winter
2023-01-30,6.0,Movie_6,Horror,Morning,296.0,40,False,Winter
2023-01-31,6.0,Movie_6,Documentary,Noon,53.0,15,False,Winter
2023-02-01,6.0,Movie_6,Action,Noon,192.0,40,False,Winter
2023-02-02,6.0,Movie_6,Romance,Noon,362.0,30,False,Winter
2023-02-03,6.0,Movie_6,Romance,Midnight,191.0,25,False,Winter
2023-02-04,6.0,Movie_6,Horror,Morning,132.0,10,True,Winter
2023-02-05,6.0,Movie_6,Drama,Midnight,573.0,40,True,Winter
2023-02-06,6.0,Movie_6,Comedy,Noon,274.0,35,False,Winter
2023-02-07,6.0,Movie_6,Drama,Midnight,456.0,20,False,Winter
2023-02-08,6.0,Movie_6,Drama,Morning,425.0,35,False,Winter
2023-02-09,6.0,Movie_6,Sci-Fi,Midnight,149.0,30,False,Winter
2023-02-10,6.0,Movie_6,Sci-Fi,Noon,196.0,35,False,Winter
2023-02-11,6.0,Movie_6,Documentary,Midnight,199.5,10,True,Winter
2023-02-12,6.0,Movie_6,Action,Noon,589.5,35,True,Winter
2023-02-13,6.0,Movie_6,Comedy,Noon,264.0,35,False,Winter
2023-02-14,6.0,Movie_6,Action,Noon,159.0,20,False,Winter
2023-02-15,6.0,Movie_6,Drama,Midnight,324.0,10,False,Winter
2023-02-16,6.0,Movie_6,Horror,Noon,222.0,40,False,Winter
2023-02-17,6.0,Movie_6,Sci-Fi,Midnight,300.0,25,False,Winter
2023-02-18,6.0,Movie_6,Documentary,Midnight,486.0,40,True,Winter
2023-02-19,6.0,Movie_6,Horror,Midnight,253.5,35,True,Winter
2023-02-20,6.0,Movie_6,Romance,Midnight,213.0,10,False,Winter
2023-02-21,6.0,Movie_6,Sci-Fi,Midnight,369.0,10,False,Winter
2023-02-22,6.0,Movie_6,Horror,Midnight,191.0,20,False,Winter
2023-02-23,6.0,Movie_6,Romance,Noon,492.0,35,False,Winter
2023-02-24,6.0,Movie_6,Sci-Fi,Midnight,245.0,20,False,Winter
2023-02-25,6.0,Movie_6,Horror,Midnight,469.5,15,True,Winter
2023-02-26,6.0,Movie_6,Action,Midnight,238.5,35,True,Winter
2023-02-27,6.0,Movie_6,Action,Noon,176.0,40,False,Winter
2023-02-28,6.0,Movie_6,Documentary,Midnight,111.0,10,False,Winter
2023-03-01,6.0,Movie_6,Sci-Fi,Midnight,84.0,20,False,Spring
2023-03-02,6.0,Movie_6,Sci-Fi,Morning,304.0,30,False,Spring
2023-03-03,6.0,Movie_6,Romance,Noon,406.0,20,False,Spring
2023-03-04,6.0,Movie_6,Horror,Morning,375.0,30,True,Spring
2023-03-05,6.0,Movie_6,Action,Noon,126.0,10,True,Spring
2023-03-06,6.0,Movie_6,Comedy,Noon,114.0,30,False,Spring
2023-03-07,6.0,Movie_6,Documentary,Noon,381.0,35,False,Spring
2023-03-08,6.0,Movie_6,Horror,Midnight,96.0,40,False,Spring
2023-03-10,7.0,Movie_7,Drama,Midnight,357.0,30,False,Spring
2023-03-11,7.0,Movie_7,Sci-Fi,Noon,105.0,20,True,Spring
2023-03-12,7.0,Movie_7,Sci-Fi,Noon,309.0,20,True,Spring
2023-03-13,7.0,Movie_7,Horror,Noon,397.0,25,False,Spring
2023-03-14,7.0,Movie_7,Horror,Noon,125.0,30,False,Spring
2023-03-15,7.0,Movie_7,Drama,Noon,243.0,15,False,Spring
2023-03-16,7.0,Movie_7,Drama,Noon,410.0,10,False,Spring
2023-03-17,7.0,Movie_7,Documentary,Noon,311.0,35,False,Spring
2023-03-18,7.0,Movie_7,Action,Morning,675.0,30,True,Spring
2023-03-19,7.0,Movie_7,Horror,Noon,400.5,20,True,Spring
2023-03-20,7.0,Movie_7,Drama,Midnight,411.0,10,False,Spring
2023-03-21,7.0,Movie_7,Action,Midnight,158.0,10,False,Spring
2023-03-22,7.0,Movie_7,Drama,Noon,191.0,20,False,Spring
2023-03-23,7.0,Movie_7,Romance,Noon,361.0,10,False,Spring
2023-03-24,7.0,Movie_7,Romance,Midnight,98.0,35,False,Spring
2023-03-25,7.0,Movie_7,Action,Midnight,277.5,20,True,Spring
2023-03-26,7.0,Movie_7,Horror,Midnight,603.0,15,True,Spring
2023-03-27,7.0,Movie_7,Documentary,Noon,294.0,10,False,Spring
2023-03-28,7.0,Movie_7,Sci-Fi,Midnight,412.0,35,False,Spring
2023-03-29,7.0,Movie_7,Sci-Fi,Midnight,314.0,30,False,Spring
2023-03-30,7.0,Movie_7,Action,Midnight,66.0,30,False,Spring
2023-03-31,7.0,Movie_7,Drama,Midnight,472.0,40,False,Spring
2023-04-01,7.0,Movie_7,Action,Noon,669.0,20,True,Spring
2023-04-02,7.0,Movie_7,Sci-Fi,Noon,666.0,30,True,Spring
2023-04-03,7.0,Movie_7,Documentary,Midnight,94.0,10,False,Spring
2023-04-04,7.0,Movie_7,Horror,Noon,381.0,30,False,Spring
2023-04-05,7.0,Movie_7,Romance,Midnight,317.0,30,False,Spring
2023-04-06,7.0,Movie_7,Action,Midnight,139.0,40,False,Spring
2023-04-07,7.0,Movie_7,Horror,Midnight,57.0,10,False,Spring
2023-04-08,7.0,Movie_7,Drama,Midnight,588.0,35,True,Spring
2023-04-09,7.0,Movie_7,Romance,Noon,339.0,40,True,Spring
2023-04-10,7.0,Movie_7,Horror,Morning,195.0,15,False,Spring
2023-04-11,7.0,Movie_7,Horror,Midnight,210.0,40,False,Spring
2023-04-12,7.0,Movie_7,Horror,Morning,196.0,40,False,Spring
2023-04-13,7.0,Movie_7,Horror,Noon,133.0,10,False,Spring
2023-04-14,7.0,Movie_7,Action,Midnight,427.0,20,False,Spring
2023-04-15,7.0,Movie_7,Documentary,Midnight,708.0,15,True,Spring
2023-04-16,7.0,Movie_7,Documentary,Midnight,231.0,15,True,Spring
2023-04-17,7.0,Movie_7,Comedy,Noon,380.0,30,False,Spring
2023-04-18,7.0,Movie_7,Comedy,Midnight,259.0,20,False,Spring
2023-04-19,7.0,Movie_7,Sci-Fi,Midnight,426.0,40,False,Spring
2023-04-20,7.0,Movie_7,Horror,Noon,133.0,35,False,Spring
2023-04-21,7.0,Movie_7,Drama,Noon,51.0,30,False,Spring
2023-04-22,7.0,Movie_7,Sci-Fi,Noon,673.5,35,True,Spring
2023-04-23,7.0,Movie_7,Comedy,Morning,711.0,35,True,Spring
2023-04-24,7.0,Movie_7,Horror,Noon,284.0,10,False,Spring
2023-04-25,7.0,Movie_7,Documentary,Midnight,406.0,30,False,Spring
2023-04-26,7.0,Movie_7,Sci-Fi,Morning,176.0,40,False,Spring
2023-04-27,7.0,Movie_7,Action,Noon,457.0,10,False,Spring
2023-04-28,7.0,Movie_7,Sci-Fi,Midnight,326.0,35,False,Spring
2023-04-29,7.0,Movie_7,Drama,Morning,703.5,20,True,Spring
2023-04-30,7.0,Movie_7,Romance,Noon,183.0,30,True,Spring
2023-05-01,7.0,Movie_7,Sci-Fi,Midnight,79.0,25,False,Spring
2023-05-02,7.0,Movie_7,Horror,Morning,337.0,20,False,Spring
2023-05-03,7.0,Movie_7,Drama,Midnight,221.0,40,False,Spring
2023-05-04,7.0,Movie_7,Action,Noon,409.0,20,False,Spring
2023-05-05,7.0,Movie_7,Comedy,Midnight,362.0,35,False,Spring
2023-05-06,7.0,Movie_7,Horror,Midnight,699.0,40,True,Spring
2023-05-07,7.0,Movie_7,Comedy,Noon,307.5,30,True,Spring
2023-05-08,7.0,Movie_7,Documentary,Noon,470.0,10,False,Spring
2023-05-09,7.0,Movie_7,Action,Noon,324.0,30,False,Spring
2023-05-10,7.0,Movie_7,Comedy,Midnight,451.0,25,False,Spring
2023-05-11,7.0,Movie_7,Drama,Midnight,175.0,20,False,Spring
2023-05-12,7.0,Movie_7,Action,Morning,343.0,30,False,Spring
2023-05-13,7.0,Movie_7,Comedy,Noon,733.5,25,True,Spring
2023-05-14,7.0,Movie_7,Sci-Fi,Morning,120.0,25,True,Spring
2023-05-15,7.0,Movie_7,Action,Midnight,483.0,30,False,Spring
2023-05-16,7.0,Movie_7,Sci-Fi,Noon,393.0,20,False,Spring
2023-05-17,7.0,Movie_7,Drama,Midnight,94.0,25,False,Spring
2023-05-19,8.0,Movie_8,Drama,Midnight,412.0,20,False,Spring
2023-05-20,8.0,Movie_8,Comedy,Noon,532.5,35,True,Spring
2023-05-21,8.0,Movie_8,Drama,Midnight,672.0,30,True,Spring
2023-05-22,8.0,Movie_8,Sci-Fi,Midnight,171.0,30,False,Spring
2023-05-23,8.0,Movie_8,Romance,Midnight,173.0,30,False,Spring
2023-05-24,8.0,Movie_8,Drama,Noon,183.0,25,False,Spring
2023-05-25,8.0,Movie_8,Comedy,Midnight,250.0,10,False,Spring
2023-05-26,8.0,Movie_8,Romance,Midnight,108.0,40,False,Spring
2023-05-27,8.0,Movie_8,Sci-Fi,Noon,675.0,30,True,Spring
2023-05-28,8.0,Movie_8,Sci-Fi,Noon,177.0,30,True,Spring
2023-05-29,8.0,Movie_8,Action,Morning,446.0,15,False,Spring
2023-05-30,8.0,Movie_8,Romance,Noon,358.0,20,False,Spring
2023-05-31,8.0,Movie_8,Documentary,Noon,436.0,15,False,Spring
2023-06-01,8.0,Movie_8,Comedy,Midnight,150.0,15,False,Summer
2023-06-02,8.0,Movie_8,Action,Noon,718.5,40,False,Summer
2023-06-03,8.0,Movie_8,Horror,Noon,785.25,20,True,Summer
2023-06-04,8.0,Movie_8,Documentary,Noon,976.5,25,True,Summer
2023-06-05,8.0,Movie_8,Documentary,Noon,261.0,20,False,Summer
2023-06-06,8.0,Movie_8,Romance,Morning,282.0,25,False,Summer
2023-06-07,8.0,Movie_8,Drama,Midnight,483.0,20,False,Summer
2023-06-08,8.0,Movie_8,Horror,Morning,229.5,35,False,Summer
2023-06-09,8.0,Movie_8,Action,Noon,448.5,20,False,Summer
2023-06-10,8.0,Movie_8,Romance,Noon,877.5,25,True,Summer
2023-06-11,8.0,Movie_8,Romance,Morning,337.5,25,True,Summer
2023-06-12,8.0,Movie_8,Sci-Fi,Noon,169.5,20,False,Summer
2023-06-13,8.0,Movie_8,Romance,Morning,474.0,35,False,Summer
2023-06-14,8.0,Movie_8,Romance,Midnight,442.5,30,False,Summer
2023-06-15,8.0,Movie_8,Sci-Fi,Midnight,81.0,10,False,Summer
2023-06-16,8.0,Movie_8,Horror,Midnight,142.5,15,False,Summer
2023-06-17,8.0,Movie_8,Horror,Noon,148.5,20,True,Summer
2023-06-18,8.0,Movie_8,Drama,Midnight,794.25,25,True,Summer
2023-06-19,8.0,Movie_8,Horror,Noon,601.5,35,False,Summer
2023-06-20,8.0,Movie_8,Documentary,Noon,448.5,25,False,Summer
2023-06-21,8.0,Movie_8,Sci-Fi,Midnight,699.0,35,False,Summer
2023-06-22,8.0,Movie_8,Documentary,Midnight,378.0,10,False,Summer
2023-06-23,8.0,Movie_8,Drama,Morning,342.0,30,False,Summer
2023-06-24,8.0,Movie_8,Sci-Fi,Midnight,294.75,25,True,Summer
2023-06-25,8.0,Movie_8,Drama,Noon,990.0,30,True,Summer
2023-06-26,8.0,Movie_8,Drama,Midnight,565.5,25,False,Summer
2023-06-27,8.0,Movie_8,Romance,Morning,579.0,10,False,Summer
2023-06-28,8.0,Movie_8,Action,Noon,294.0,40,False,Summer
2023-06-29,8.0,Movie_8,Sci-Fi,Noon,738.0,30,False,Summer
2023-06-30,8.0,Movie_8,Romance,Midnight,357.0,40,False,Summer
2023-07-01,8.0,Movie_8,Documentary,Morning,159.75,30,True,Summer
2023-07-02,8.0,Movie_8,Sci-Fi,Midnight,837.0,35,True,Summer
2023-07-03,8.0,Movie_8,Comedy,Midnight,553.5,35,False,Summer
2023-07-04,8.0,Movie_8,Romance,Midnight,364.5,10,False,Summer
2023-07-05,8.0,Movie_8,Drama,Noon,502.5,10,False,Summer
2023-07-06,8.0,Movie_8,Sci-Fi,Noon,102.0,15,False,Summer
2023-07-07,8.0,Movie_8,Comedy,Morning,564.0,35,False,Summer
2023-07-08,8.0,Movie_8,Documentary,Noon,256.5,25,True,Summer
2023-07-09,8.0,Movie_8,Action,Noon,112.5,40,True,Summer
2023-07-10,8.0,Movie_8,Romance,Midnight,421.5,30,False,Summer
2023-07-11,8.0,Movie_8,Horror,Midnight,264.0,10,False,Summer
2023-07-12,8.0,Movie_8,Horror,Noon,364.5,40,False,Summer
2023-07-13,8.0,Movie_8,Documentary,Midnight,508.5,35,False,Summer
2023-07-14,8.0,Movie_8,Sci-Fi,Noon,694.5,40,False,Summer
2023-07-15,8.0,Movie_8,Sci-Fi,Midnight,909.0,20,True,Summer
2023-07-16,8.0,Movie_8,Sci-Fi,Midnight,499.5,15,True,Summer
2023-07-17,8.0,Movie_8,Romance,Midnight,198.0,20,False,Summer
2023-07-18,8.0,Movie_8,Sci-Fi,Morning,709.5,10,False,Summer
2023-07-19,8.0,Movie_8,Documentary,Morning,424.5,25,False,Summer
2023-07-20,8.0,Movie_8,Sci-Fi,Midnight,556.5,15,False,Summer
2023-07-21,8.0,Movie_8,Comedy,Midnight,349.5,40,False,Summer
2023-07-22,8.0,Movie_8,Documentary,Midnight,762.75,40,True,Summer
2023-07-23,8.0,Movie_8,Drama,Noon,594.0,35,True,Summer
2023-07-24,8.0,Movie_8,Sci-Fi,Noon,114.0,35,False,Summer
2023-07-25,8.0,Movie_8,Romance,Noon,153.0,40,False,Summer
2023-07-26,8.0,Movie_8,Action,Morning,423.0,35,False,Summer
2023-07-27,8.0,Movie_8,Romance,Midnight,105.0,20,False,Summer
2023-07-28,8.0,Movie_8,Romance,Noon,543.0,10,False,Summer
2023-07-29,8.0,Movie_8,Sci-Fi,Morning,522.0,40,True,Summer
2023-07-30,8.0,Movie_8,Sci-Fi,Midnight,132.75,25,True,Summer
2023-07-31,8.0,Movie_8,Sci-Fi,Noon,295.5,15,False,Summer
2023-08-01,8.0,Movie_8,Sci-Fi,Morning,691.5,35,False,Summer
2023-08-02,8.0,Movie_8,Horror,Noon,685.5,40,False,Summer
2023-08-03,8.0,Movie_8,Sci-Fi,Midnight,360.0,25,False,Summer
2023-08-04,8.0,Movie_8,Romance,Midnight,469.5,15,False,Summer
2023-08-05,8.0,Movie_8,Horror,Noon,1044.0,35,True,Summer
2023-08-06,8.0,Movie_8,Comedy,Morning,668.25,15,True,Summer
2023-08-07,8.0,Movie_8,Documentary,Midnight,615.0,25,False,Summer
2023-08-08,8.0,Movie_8,Action,Midnight,435.0,15,False,Summer
2023-08-09,8.0,Movie_8,Romance,Midnight,484.5,35,False,Summer
2023-08-10,8.0,Movie_8,Sci-Fi,Morning,588.0,15,False,Summer
2023-08-11,8.0,Movie_8,Action,Noon,561.0,25,False,Summer
2023-08-12,8.0,Movie_8,Action,Midnight,461.25,20,True,Summer
2023-08-14,9.0,Movie_9,Action,Midnight,294.0,10,False,Summer
2023-08-15,9.0,Movie_9,Drama,Morning,715.5,25,False,Summer
2023-08-16,9.0,Movie_9,Horror,Morning,672.0,20,False,Summer
2023-08-17,9.0,Movie_9,Romance,Noon,339.0,35,False,Summer
2023-08-18,9.0,Movie_9,Horror,Noon,705.0,10,False,Summer
2023-08-19,9.0,Movie_9,Comedy,Noon,600.75,30,True,Summer
2023-08-20,9.0,Movie_9,Action,Midnight,598.5,40,True,Summer
2023-08-21,9.0,Movie_9,Comedy,Noon,393.0,30,False,Summer
2023-08-22,9.0,Movie_9,Drama,Midnight,225.0,10,False,Summer
2023-08-23,9.0,Movie_9,Horror,Midnight,483.0,25,False,Summer
2023-08-24,9.0,Movie_9,Documentary,Midnight,214.5,10,False,Summer
2023-08-25,9.0,Movie_9,Romance,Noon,390.0,25,False,Summer
2023-08-26,9.0,Movie_9,Romance,Midnight,1012.5,30,True,Summer
2023-08-27,9.0,Movie_9,Sci-Fi,Noon,173.25,10,True,Summer
2023-08-28,9.0,Movie_9,Drama,Morning,457.5,35,False,Summer
2023-08-29,9.0,Movie_9,Drama,Midnight,615.0,25,False,Summer
2023-08-30,9.0,Movie_9,Documentary,Midnight,93.0,15,False,Summer
2023-08-31,9.0,Movie_9,Romance,Midnight,223.5,40,False,Summer
2023-09-01,9.0,Movie_9,Comedy,Midnight,378.0,35,False,Fall
2023-09-02,9.0,Movie_9,Drama,Noon,733.5,35,True,Fall
2023-09-03,9.0,Movie_9,Action,Noon,237.0,40,True,Fall
2023-09-04,9.0,Movie_9,Romance,Midnight,211.0,10,False,Fall
2023-09-05,9.0,Movie_9,Documentary,Noon,323.0,20,False,Fall
2023-09-06,9.0,Movie_9,Horror,Noon,477.0,30,False,Fall
2023-09-07,9.0,Movie_9,Horror,Noon,359.0,35,False,Fall
2023-09-08,9.0,Movie_9,Action,Noon,70.0,25,False,Fall
2023-09-09,9.0,Movie_9,Drama,Noon,93.0,10,True,Fall
2023-09-10,9.0,Movie_9,Action,Noon,154.5,15,True,Fall
2023-09-11,9.0,Movie_9,Romance,Midnight,352.0,30,False,Fall
2023-09-12,9.0,Movie_9,Comedy,Midnight,62.0,30,False,Fall
2023-09-13,9.0,Movie_9,Sci-Fi,Noon,307.0,35,False,Fall
2023-09-14,9.0,Movie_9,Action,Noon,447.0,15,False,Fall
2023-09-15,9.0,Movie_9,Drama,Midnight,436.0,40,False,Fall
2023-09-16,9.0,Movie_9,Sci-Fi,Morning,475.5,35,True,Fall
2023-09-17,9.0,Movie_9,Horror,Noon,117.0,20,True,Fall
2023-09-18,9.0,Movie_9,Action,Noon,427.0,25,False,Fall
2023-09-19,9.0,Movie_9,Comedy,Noon,370.0,25,False,Fall
2023-09-20,9.0,Movie_9,Documentary,Midnight,321.0,40,False,Fall
2023-09-21,9.0,Movie_9,Action,Noon,141.0,15,False,Fall
2023-09-22,9.0,Movie_9,Horror,Midnight,230.0,15,False,Fall
2023-09-23,9.0,Movie_9,Drama,Midnight,423.0,15,True,Fall
2023-09-24,9.0,Movie_9,Romance,Noon,660.0,30,True,Fall
2023-09-25,9.0,Movie_9,Action,Morning,104.0,15,False,Fall
2023-09-26,9.0,Movie_9,Documentary,Noon,362.0,35,False,Fall
2023-09-27,9.0,Movie_9,Horror,Midnight,422.0,25,False,Fall
2023-09-28,9.0,Movie_9,Romance,Noon,277.0,40,False,Fall
2023-09-29,9.0,Movie_9,Drama,Midnight,209.0,20,False,Fall
2023-09-30,9.0,Movie_9,Action,Noon,399.0,30,True,Fall
2023-10-01,9.0,Movie_9,Sci-Fi,Midnight,271.5,20,True,Fall
2023-10-02,9.0,Movie_9,Romance,Midnight,206.0,15,False,Fall
2023-10-03,9.0,Movie_9,Comedy,Midnight,254.0,40,False,Fall
2023-10-04,9.0,Movie_9,Horror,Noon,477.0,15,False,Fall
2023-10-05,9.0,Movie_9,Horror,Midnight,153.0,10,False,Fall
2023-10-06,9.0,Movie_9,Documentary,Noon,361.0,25,False,Fall
2023-10-07,9.0,Movie_9,Comedy,Midnight,288.0,25,True,Fall
2023-10-08,9.0,Movie_9,Sci-Fi,Midnight,99.0,20,True,Fall
2023-10-09,9.0,Movie_9,Comedy,Midnight,248.0,15,False,Fall
2023-10-10,9.0,Movie_9,Action,Midnight,74.0,15,False,Fall
2023-10-11,9.0,Movie_9,Drama,Midnight,388.0,20,False,Fall
2023-10-12,9.0,Movie_9,Romance,Noon,409.0,25,False,Fall
2023-10-13,9.0,Movie_9,Documentary,Midnight,370.0,10,False,Fall
2023-10-14,9.0,Movie_9,Documentary,Noon,226.5,35,True,Fall
2023-10-15,9.0,Movie_9,Horror,Midnight,144.0,40,True,Fall
2023-10-16,9.0,Movie_9,Action,Midnight,291.0,15,False,Fall
2023-10-17,9.0,Movie_9,Action,Morning,54.0,25,False,Fall
2023-10-18,9.0,Movie_9,Horror,Midnight,297.0,35,False,Fall
2023-10-19,9.0,Movie_9,Action,Morning,471.0,20,False,Fall
2023-10-20,9.0,Movie_9,Comedy,Midnight,171.0,30,False,Fall
2023-10-21,9.0,Movie_9,Sci-Fi,Noon,658.5,35,True,Fall
2023-10-22,9.0,Movie_9,Sci-Fi,Noon,742.5,15,True,Fall
2023-10-23,9.0,Movie_9,Sci-Fi,Midnight,351.0,30,False,Fall
2023-10-24,9.0,Movie_9,Documentary,Midnight,52.0,35,False,Fall
2023-10-25,9.0,Movie_9,Sci-Fi,Midnight,57.0,25,False,Fall
2023-10-26,9.0,Movie_9,Romance,Midnight,157.0,10,False,Fall
2023-10-27,9.0,Movie_9,Action,Midnight,382.0,15,False,Fall
2023-10-28,9.0,Movie_9,Drama,Midnight,178.5,10,True,Fall
2023-10-29,9.0,Movie_9,Horror,Noon,451.5,20,True,Fall
2023-10-30,9.0,Movie_9,Comedy,Midnight,381.0,20,False,Fall
2023-10-31,9.0,Movie_9,Romance,Midnight,323.0,20,False,Fall
2023-11-01,9.0,Movie_9,Documentary,Noon,407.0,35,False,Fall
2023-11-02,9.0,Movie_9,Comedy,Midnight,439.0,25,False,Fall
2023-11-03,9.0,Movie_9,Horror,Noon,334.0,20,False,Fall
2023-11-04,9.0,Movie_9,Romance,Morning,483.0,20,True,Fall
2023-11-05,9.0,Movie_9,Drama,Noon,577.5,15,True,Fall
2023-11-06,9.0,Movie_9,Comedy,Noon,57.0,30,False,Fall
2023-11-08,10.0,Movie_10,Sci-Fi,Noon,143.0,10,False,Fall
2023-11-09,10.0,Movie_10,Drama,Noon,130.0,20,False,Fall
2023-11-10,10.0,Movie_10,Horror,Noon,291.0,35,False,Fall
2023-11-11,10.0,Movie_10,Romance,Noon,139.5,10,True,Fall
2023-11-12,10.0,Movie_10,Romance,Midnight,127.5,30,True,Fall
2023-11-13,10.0,Movie_10,Horror,Midnight,475.0,40,False,Fall
2023-11-14,10.0,Movie_10,Drama,Noon,265.0,15,False,Fall
2023-11-15,10.0,Movie_10,Horror,Noon,371.0,40,False,Fall
2023-11-16,10.0,Movie_10,Drama,Noon,150.0,20,False,Fall
2023-11-17,10.0,Movie_10,Action,Midnight,500.0,25,False,Fall
2023-11-18,10.0,Movie_10,Romance,Midnight,88.5,25,True,Fall
2023-11-19,10.0,Movie_10,Action,Noon,445.5,40,True,Fall
2023-11-20,10.0,Movie_10,Drama,Morning,178.0,10,False,Fall
2023-11-21,10.0,Movie_10,Romance,Noon,290.0,20,False,Fall
2023-11-22,10.0,Movie_10,Horror,Noon,166.0,35,False,Fall
2023-11-23,10.0,Movie_10,Drama,Noon,162.0,40,False,Fall
2023-11-24,10.0,Movie_10,Drama,Midnight,255.0,10,False,Fall
2023-11-25,10.0,Movie_10,Comedy,Midnight,247.5,30,True,Fall
2023-11-26,10.0,Movie_10,Horror,Noon,210.0,15,True,Fall
2023-11-27,10.0,Movie_10,Horror,Morning,163.0,10,False,Fall
2023-11-28,10.0,Movie_10,Comedy,Midnight,414.0,25,False,Fall
2023-11-29,10.0,Movie_10,Horror,Noon,315.0,20,False,Fall
2023-11-30,10.0,Movie_10,Drama,Midnight,154.0,30,False,Fall
2023-12-01,10.0,Movie_10,Comedy,Morning,450.0,35,False,Winter
2023-12-02,10.0,Movie_10,Comedy,Noon,429.0,10,True,Winter
2023-12-03,10.0,Movie_10,Romance,Noon,369.0,20,True,Winter
2023-12-04,10.0,Movie_10,Drama,Noon,148.0,25,False,Winter
2023-12-05,10.0,Movie_10,Comedy,Noon,452.0,30,False,Winter
2023-12-06,10.0,Movie_10,Horror,Noon,352.0,40,False,Winter
2023-12-07,10.0,Movie_10,Documentary,Midnight,89.0,30,False,Winter
2023-12-08,10.0,Movie_10,Romance,Midnight,181.0,40,False,Winter
2023-12-09,10.0,Movie_10,Comedy,Noon,672.0,15,True,Winter
2023-12-10,10.0,Movie_10,Horror,Midnight,405.0,10,True,Winter
2023-12-11,10.0,Movie_10,Drama,Noon,95.0,25,False,Winter
2023-12-12,10.0,Movie_10,Sci-Fi,Midnight,373.0,15,False,Winter
2023-12-13,10.0,Movie_10,Documentary,Noon,470.0,10,False,Winter
2023-12-14,10.0,Movie_10,Drama,Noon,332.0,40,False,Winter
2023-12-15,10.0,Movie_10,Romance,Noon,73.0,15,False,Winter
2023-12-16,10.0,Movie_10,Horror,Noon,508.5,10,True,Winter
2023-12-17,10.0,Movie_10,Action,Noon,345.0,25,True,Winter
2023-12-18,10.0,Movie_10,Documentary,Midnight,118.0,40,False,Winter
2023-12-19,10.0,Movie_10,Sci-Fi,Noon,367.0,10,False,Winter
2023-12-20,10.0,Movie_10,Action,Midnight,298.0,25,False,Winter
2023-12-21,10.0,Movie_10,Sci-Fi,Noon,406.0,10,False,Winter
2023-12-22,10.0,Movie_10,Comedy,Noon,440.0,40,False,Winter
2023-12-23,10.0,Movie_10,Sci-Fi,Noon,549.0,25,True,Winter
2023-12-24,10.0,Movie_10,Drama,Noon,586.5,40,True,Winter
2023-12-25,10.0,Movie_10,Horror,Midnight,381.0,35,False,Winter
2023-12-26,10.0,Movie_10,Drama,Noon,288.0,10,False,Winter
2023-12-27,10.0,Movie_10,Romance,Midnight,392.0,15,False,Winter
2023-12-28,10.0,Movie_10,Comedy,Midnight,239.0,30,False,Winter
2023-12-29,10.0,Movie_10,Action,Midnight,484.0,35,False,Winter
2023-12-30,10.0,Movie_10,Action,Midnight,642.0,40,True,Winter
2023-12-31,10.0,Movie_10,Sci-Fi,Noon,132.0,35,True,Winter
2024-01-01,11.0,Movie_11,Sci-Fi,Noon,290.0,20,False,Winter
2024-01-02,11.0,Movie_11,Documentary,Midnight,251.0,20,False,Winter
2024-01-03,11.0,Movie_11,Comedy,Midnight,58.0,10,False,Winter
2024-01-04,11.0,Movie_11,Drama,Midnight,263.0,10,False,Winter
2024-01-05,11.0,Movie_11,Action,Noon,97.0,25,False,Winter
2024-01-06,11.0,Movie_11,Documentary,Midnight,258.0,30,True,Winter
2024-01-07,11.0,Movie_11,Romance,Noon,435.0,10,True,Winter
2024-01-08,11.0,Movie_11,Documentary,Midnight,100.0,25,False,Winter
2024-01-09,11.0,Movie_11,Action,Midnight,432.0,15,False,Winter
2024-01-10,11.0,Movie_11,Documentary,Noon,428.0,35,False,Winter
2024-01-11,11.0,Movie_11,Action,Noon,427.0,40,False,Winter
2024-01-12,11.0,Movie_11,Romance,Midnight,362.0,10,False,Winter
2024-01-13,11.0,Movie_11,Comedy,Midnight,327.0,30,True,Winter
2024-01-14,11.0,Movie_11,Action,Midnight,178.5,35,True,Winter
2024-01-15,11.0,Movie_11,Horror,Noon,294.0,20,False,Winter
2024-01-16,11.0,Movie_11,Action,Morning,125.0,40,False,Winter
2024-01-17,11.0,Movie_11,Romance,Noon,241.0,10,False,Winter
2024-01-18,11.0,Movie_11,Action,Noon,320.0,25,False,Winter
2024-01-19,11.0,Movie_11,Horror,Morning,418.0,20,False,Winter
2024-01-20,11.0,Movie_11,Drama,Noon,702.0,35,True,Winter
2024-01-21,11.0,Movie_11,Comedy,Morning,478.5,15,True,Winter
2024-01-22,11.0,Movie_11,Romance,Noon,437.0,20,False,Winter
2024-01-23,11.0,Movie_11,Romance,Noon,439.0,10,False,Winter
2024-01-24,11.0,Movie_11,Action,Morning,217.0,20,False,Winter
2024-01-25,11.0,Movie_11,Romance,Morning,332.0,35,False,Winter
2024-01-26,11.0,Movie_11,Romance,Midnight,196.0,25,False,Winter
2024-01-27,11.0,Movie_11,Drama,Midnight,207.0,25,True,Winter
2024-01-28,11.0,Movie_11,Documentary,Noon,715.5,40,True,Winter
2024-01-29,11.0,Movie_11,Comedy,Noon,71.0,20,False,Winter
2024-01-30,11.0,Movie_11,Action,Noon,377.0,40,False,Winter
2024-01-31,11.0,Movie_11,Sci-Fi,Noon,424.0,20,False,Winter
2024-02-01,11.0,Movie_11,Comedy,Noon,132.0,20,False,Winter
2024-02-02,11.0,Movie_11,Comedy,Noon,377.0,25,False,Winter
2024-02-03,11.0,Movie_11,Action,Morning,91.5,35,True,Winter
2024-02-04,11.0,Movie_11,Romance,Midnight,657.0,20,True,Winter
2024-02-05,11.0,Movie_11,Horror,Morning,439.0,10,False,Winter
2024-02-06,11.0,Movie_11,Romance,Midnight,461.0,35,False,Winter
2024-02-07,11.0,Movie_11,Romance,Noon,425.0,20,False,Winter
2024-02-08,11.0,Movie_11,Action,Midnight,99.0,10,False,Winter
2024-02-09,11.0,Movie_11,Drama,Noon,246.0,20,False,Winter
2024-02-10,11.0,Movie_11,Comedy,Midnight,144.0,40,True,Winter
2024-02-11,11.0,Movie_11,Horror,Morning,285.0,25,True,Winter
2024-02-12,11.0,Movie_11,Sci-Fi,Noon,128.0,40,False,Winter
2024-02-13,11.0,Movie_11,Sci-Fi,Noon,452.0,35,False,Winter
2024-02-14,11.0,Movie_11,Romance,Noon,453.0,30,False,Winter
2024-02-15,11.0,Movie_11,Comedy,Midnight,410.0,10,False,Winter
2024-02-16,11.0,Movie_11,Comedy,Midnight,206.0,15,False,Winter
2024-02-17,11.0,Movie_11,Action,Morning,82.5,15,True,Winter
2024-02-18,11.0,Movie_11,Romance,Midnight,550.5,10,True,Winter
2024-02-19,11.0,Movie_11,Romance,Morning,474.0,10,False,Winter
2024-02-20,11.0,Movie_11,Drama,Morning,253.0,40,False,Winter
2024-02-21,11.0,Movie_11,Drama,Noon,315.0,15,False,Winter
2024-02-22,11.0,Movie_11,Action,Noon,257.0,15,False,Winter
2024-02-23,11.0,Movie_11,Horror,Noon,123.0,35,False,Winter
2024-02-24,11.0,Movie_11,Sci-Fi,Midnight,714.0,40,True,Winter
2024-02-25,11.0,Movie_11,Documentary,Midnight,309.0,40,True,Winter
2024-02-26,11.0,Movie_11,Sci-Fi,Noon,90.0,35,False,Winter
2024-02-27,11.0,Movie_11,Horror,Midnight,452.0,25,False,Winter
2024-02-28,11.0,Movie_11,Drama,Morning,463.0,30,False,Winter
2024-02-29,11.0,Movie_11,Comedy,Noon,372.0,35,False,Winter
2024-03-01,11.0,Movie_11,Documentary,Midnight,315.0,10,False,Spring
2024-03-02,11.0,Movie_11,Action,Noon,423.0,20,True,Spring
2024-03-03,11.0,Movie_11,Horror,Midnight,460.5,30,True,Spring
2024-03-04,11.0,Movie_11,Horror,Morning,132.0,15,False,Spring
2024-03-05,11.0,Movie_11,Action,Midnight,358.0,40,False,Spring
2024-03-06,11.0,Movie_11,Drama,Noon,484.0,30,False,Spring
2024-03-07,11.0,Movie_11,Drama,Noon,327.0,25,False,Spring
2024-03-08,11.0,Movie_11,Comedy,Midnight,74.0,30,False,Spring
2024-03-09,11.0,Movie_11,Horror,Morning,627.0,30,True,Spring
2024-03-10,11.0,Movie_11,Horror,Noon,531.0,10,True,Spring
2024-03-11,11.0,Movie_11,Horror,Noon,434.0,15,False,Spring
2024-03-12,11.0,Movie_11,Horror,Midnight,286.0,35,False,Spring
2024-03-13,11.0,Movie_11,Comedy,Noon,225.0,35,False,Spring
2024-03-14,11.0,Movie_11,Action,Midnight,419.0,20,False,Spring
2024-03-15,11.0,Movie_11,Sci-Fi,Morning,468.0,25,False,Spring
2024-03-16,11.0,Movie_11,Drama,Noon,264.0,10,True,Spring
2024-03-17,11.0,Movie_11,Horror,Noon,213.0,20,True,Spring
2024-03-18,11.0,Movie_11,Action,Midnight,459.0,20,False,Spring
2024-03-19,11.0,Movie_11,Horror,Morning,92.0,10,False,Spring
2024-03-20,11.0,Movie_11,Action,Midnight,483.0,25,False,Spring
2024-03-21,11.0,Movie_11,Romance,Noon,88.0,10,False,Spring
2024-03-23,12.0,Movie_12,Documentary,Noon,144.0,40,True,Spring
2024-03-24,12.0,Movie_12,Action,Midnight,622.5,30,True,Spring
2024-03-25,12.0,Movie_12,Drama,Morning,345.0,20,False,Spring
2024-03-26,12.0,Movie_12,Romance,Morning,500.0,35,False,Spring
2024-03-27,12.0,Movie_12,Comedy,Morning,380.0,15,False,Spring
2024-03-28,12.0,Movie_12,Sci-Fi,Noon,187.0,15,False,Spring
2024-03-29,12.0,Movie_12,Sci-Fi,Noon,213.0,20,False,Spring
2024-03-30,12.0,Movie_12,Documentary,Midnight,334.5,20,True,Spring
2024-03-31,12.0,Movie_12,Comedy,Noon,555.0,40,True,Spring
2024-04-01,12.0,Movie_12,Drama,Midnight,313.0,20,False,Spring
2024-04-02,12.0,Movie_12,Sci-Fi,Midnight,258.0,10,False,Spring
2024-04-03,12.0,Movie_12,Romance,Noon,156.0,10,False,Spring
2024-04-04,12.0,Movie_12,Documentary,Morning,493.0,25,False,Spring
2024-04-05,12.0,Movie_12,Action,Noon,86.0,10,False,Spring
2024-04-06,12.0,Movie_12,Comedy,Noon,354.0,30,True,Spring
2024-04-07,12.0,Movie_12,Comedy,Midnight,160.5,20,True,Spring
2024-04-08,12.0,Movie_12,Drama,Midnight,279.0,15,False,Spring
2024-04-09,12.0,Movie_12,Horror,Morning,301.0,20,False,Spring
2024-04-10,12.0,Movie_12,Romance,Midnight,67.0,15,False,Spring
2024-04-11,12.0,Movie_12,Documentary,Noon,188.0,15,False,Spring
2024-04-12,12.0,Movie_12,Action,Midnight,309.0,35,False,Spring
2024-04-13,12.0,Movie_12,Documentary,Midnight,618.0,35,True,Spring
2024-04-14,12.0,Movie_12,Horror,Midnight,384.0,10,True,Spring
2024-04-15,12.0,Movie_12,Documentary,Noon,471.0,15,False,Spring
2024-04-16,12.0,Movie_12,Action,Morning,151.0,35,False,Spring
2024-04-17,12.0,Movie_12,Romance,Midnight,182.0,10,False,Spring
2024-04-18,12.0,Movie_12,Comedy,Midnight,70.0,15,False,Spring
2024-04-19,12.0,Movie_12,Documentary,Noon,158.0,40,False,Spring
2024-04-20,12.0,Movie_12,Horror,Noon,510.0,25,True,Spring
2024-04-21,12.0,Movie_12,Romance,Morning,367.5,25,True,Spring
2024-04-22,12.0,Movie_12,Horror,Midnight,361.0,15,False,Spring
2024-04-23,12.0,Movie_12,Documentary,Midnight,326.0,30,False,Spring
2024-04-24,12.0,Movie_12,Documentary,Midnight,101.0,10,False,Spring
2024-04-25,12.0,Movie_12,Romance,Noon,351.0,40,False,Spring
2024-04-26,12.0,Movie_12,Romance,Noon,159.0,15,False,Spring
2024-04-27,12.0,Movie_12,Action,Midnight,544.5,40,True,Spring
2024-04-28,12.0,Movie_12,Action,Morning,393.0,30,True,Spring
2024-04-29,12.0,Movie_12,Action,Noon,158.0,20,False,Spring
2024-04-30,12.0,Movie_12,Documentary,Noon,474.0,35,False,Spring
2024-05-01,12.0,Movie_12,Romance,Midnight,136.0,10,False,Spring
2024-05-02,12.0,Movie_12,Horror,Noon,500.0,35,False,Spring
2024-05-03,12.0,Movie_12,Action,Noon,334.0,40,False,Spring
2024-05-04,12.0,Movie_12,Romance,Noon,285.0,35,True,Spring
2024-05-05,12.0,Movie_12,Horror,Noon,141.0,10,True,Spring
2024-05-06,12.0,Movie_12,Documentary,Noon,134.0,15,False,Spring
2024-05-07,12.0,Movie_12,Romance,Noon,157.0,15,False,Spring
2024-05-08,12.0,Movie_12,Sci-Fi,Noon,295.0,10,False,Spring
2024-05-09,12.0,Movie_12,Sci-Fi,Morning,175.0,20,False,Spring
2024-05-10,12.0,Movie_12,Comedy,Noon,171.0,15,False,Spring
2024-05-11,12.0,Movie_12,Documentary,Midnight,246.0,25,True,Spring
2024-05-12,12.0,Movie_12,Comedy,Midnight,424.5,25,True,Spring
2024-05-13,12.0,Movie_12,Drama,Midnight,216.0,40,False,Spring
2024-05-14,12.0,Movie_12,Documentary,Noon,176.0,20,False,Spring
2024-05-15,12.0,Movie_12,Sci-Fi,Midnight,461.0,20,False,Spring
2024-05-16,12.0,Movie_12,Romance,Midnight,224.0,10,False,Spring
2024-05-17,12.0,Movie_12,Sci-Fi,Morning,68.0,20,False,Spring
2024-05-18,12.0,Movie_12,Comedy,Noon,336.0,15,True,Spring
2024-05-19,12.0,Movie_12,Action,Midnight,724.5,15,True,Spring
2024-05-20,12.0,Movie_12,Drama,Midnight,295.0,10,False,Spring
2024-05-21,12.0,Movie_12,Comedy,Midnight,481.0,40,False,Spring
2024-05-22,12.0,Movie_12,Romance,Morning,294.0,30,False,Spring
2024-05-23,12.0,Movie_12,Romance,Noon,177.0,15,False,Spring
2024-05-24,12.0,Movie_12,Action,Noon,318.0,30,False,Spring
2024-05-25,12.0,Movie_12,Comedy,Morning,750.0,40,True,Spring
2024-05-26,12.0,Movie_12,Comedy,Morning,228.0,30,True,Spring
2024-05-27,12.0,Movie_12,Action,Morning,111.0,10,False,Spring
2024-05-28,12.0,Movie_12,Drama,Midnight,300.0,30,False,Spring
2024-05-29,12.0,Movie_12,Drama,Midnight,166.0,20,False,Spring
2024-05-30,12.0,Movie_12,Comedy,Midnight,193.0,10,False,Spring
2024-05-31,12.0,Movie_12,Sci-Fi,Midnight,122.0,10,False,Spring
2024-06-01,12.0,Movie_12,Romance,Midnight,212.625,10,True,Summer
2024-06-02,12.0,Movie_12,Drama,Midnight,762.3,35,True,Summer
2024-06-03,12.0,Movie_12,Action,Noon,267.75,30,False,Summer
2024-06-04,12.0,Movie_12,Drama,Noon,523.9499999999999,10,False,Summer
2024-06-05,12.0,Movie_12,Romance,Noon,197.39999999999998,30,False,Summer
2024-06-06,12.0,Movie_12,Sci-Fi,Midnight,111.3,15,False,Summer
2024-06-07,12.0,Movie_12,Drama,Morning,286.65,35,False,Summer
2024-06-08,12.0,Movie_12,Sci-Fi,Midnight,453.59999999999997,10,True,Summer
2024-06-09,12.0,Movie_12,Horror,Midnight,259.875,10,True,Summer
2024-06-10,12.0,Movie_12,Action,Midnight,137.54999999999998,15,False,Summer
2024-06-11,12.0,Movie_12,Romance,Midnight,403.2,25,False,Summer
2024-06-13,13.0,Movie_13,Drama,Midnight,283.5,20,False,Summer
2024-06-14,13.0,Movie_13,Drama,Noon,242.54999999999998,35,False,Summer
2024-06-15,13.0,Movie_13,Drama,Noon,174.825,25,True,Summer
2024-06-16,13.0,Movie_13,Drama,Midnight,663.0749999999999,20,True,Summer
2024-06-17,13.0,Movie_13,Comedy,Midnight,152.25,20,False,Summer
2024-06-18,13.0,Movie_13,Sci-Fi,Midnight,456.74999999999994,35,False,Summer
2024-06-19,13.0,Movie_13,Action,Midnight,416.84999999999997,40,False,Summer
2024-06-20,13.0,Movie_13,Horror,Morning,384.29999999999995,40,False,Summer
2024-06-21,13.0,Movie_13,Action,Noon,194.25,10,False,Summer
2024-06-22,13.0,Movie_13,Comedy,Midnight,639.4499999999999,30,True,Summer
2024-06-23,13.0,Movie_13,Sci-Fi,Noon,571.7249999999999,25,True,Summer
2024-06-24,13.0,Movie_13,Action,Noon,273.0,25,False,Summer
2024-06-25,13.0,Movie_13,Romance,Midnight,125.99999999999999,25,False,Summer
2024-06-26,13.0,Movie_13,Action,Midnight,460.95,30,False,Summer
2024-06-27,13.0,Movie_13,Comedy,Morning,471.45,40,False,Summer
2024-06-28,13.0,Movie_13,Documentary,Noon,342.29999999999995,15,False,Summer
2024-06-29,13.0,Movie_13,Horror,Midnight,463.04999999999995,35,True,Summer
2024-06-30,13.0,Movie_13,Sci-Fi,Midnight,600.0749999999999,15,True,Summer
2024-07-01,13.0,Movie_13,Romance,Midnight,331.79999999999995,35,False,Summer
2024-07-02,13.0,Movie_13,Drama,Midnight,93.44999999999999,30,False,Summer
2024-07-03,13.0,Movie_13,Drama,Morning,150.14999999999998,35,False,Summer
2024-07-04,13.0,Movie_13,Horror,Midnight,366.45,20,False,Summer
2024-07-05,13.0,Movie_13,Documentary,Morning,280.34999999999997,15,False,Summer
2024-07-06,13.0,Movie_13,Comedy,Midnight,661.5,15,True,Summer
2024-07-07,13.0,Movie_13,Documentary,Morning,578.025,10,True,Summer
2024-07-08,13.0,Movie_13,Sci-Fi,Noon,302.4,20,False,Summer
2024-07-09,13.0,Movie_13,Sci-Fi,Noon,284.54999999999995,30,False,Summer
2024-07-10,13.0,Movie_13,Action,Midnight,233.1,25,False,Summer
2024-07-11,13.0,Movie_13,Romance,Midnight,166.95,30,False,Summer
2024-07-12,13.0,Movie_13,Drama,Noon,461.99999999999994,35,False,Summer
2024-07-13,13.0,Movie_13,Comedy,Noon,765.4499999999999,40,True,Summer
2024-07-14,13.0,Movie_13,Documentary,Noon,516.6,40,True,Summer
2024-07-15,13.0,Movie_13,Sci-Fi,Noon,408.45,15,False,Summer
2024-07-16,13.0,Movie_13,Romance,Noon,265.65,10,False,Summer
2024-07-17,13.0,Movie_13,Horror,Noon,321.29999999999995,30,False,Summer
2024-07-18,13.0,Movie_13,Documentary,Noon,124.94999999999999,30,False,Summer
2024-07-19,13.0,Movie_13,Romance,Noon,134.39999999999998,30,False,Summer
2024-07-20,13.0,Movie_13,Horror,Noon,552.8249999999999,15,True,Summer
2024-07-21,13.0,Movie_13,Sci-Fi,Midnight,165.375,35,True,Summer
2024-07-22,13.0,Movie_13,Drama,Noon,295.04999999999995,40,False,Summer
2024-07-23,13.0,Movie_13,Romance,Noon,160.64999999999998,30,False,Summer
2024-07-24,13.0,Movie_13,Sci-Fi,Morning,322.34999999999997,20,False,Summer
2024-07-25,13.0,Movie_13,Action,Noon,451.49999999999994,35,False,Summer
2024-07-26,13.0,Movie_13,Drama,Noon,198.45,20,False,Summer
2024-07-27,13.0,Movie_13,Romance,Midnight,173.25,15,True,Summer
2024-07-28,13.0,Movie_13,Drama,Midnight,623.6999999999999,20,True,Summer
2024-07-29,13.0,Movie_13,Documentary,Midnight,333.9,10,False,Summer
2024-07-30,13.0,Movie_13,Drama,Noon,247.79999999999998,30,False,Summer
2024-07-31,13.0,Movie_13,Drama,Noon,486.15,40,False,Summer
2024-08-01,13.0,Movie_13,Horror,Noon,357.0,35,False,Summer
2024-08-02,13.0,Movie_13,Sci-Fi,Midnight,479.84999999999997,15,False,Summer
2024-08-03,13.0,Movie_13,Action,Noon,732.375,40,True,Summer
2024-08-04,13.0,Movie_13,Documentary,Midnight,773.3249999999999,20,True,Summer
2024-08-05,13.0,Movie_13,Drama,Noon,409.5,30,False,Summer
2024-08-06,13.0,Movie_13,Comedy,Noon,77.69999999999999,25,False,Summer
2024-08-07,13.0,Movie_13,Romance,Midnight,453.59999999999997,20,False,Summer
2024-08-08,13.0,Movie_13,Drama,Morning,129.15,30,False,Summer
2024-08-09,13.0,Movie_13,Drama,Midnight,341.25,20,False,Summer
2024-08-10,13.0,Movie_13,Documentary,Noon,296.09999999999997,35,True,Summer
2024-08-11,13.0,Movie_13,Comedy,Noon,121.27499999999999,30,True,Summer
2024-08-12,13.0,Movie_13,Documentary,Midnight,459.9,20,False,Summer
2024-08-13,13.0,Movie_13,Romance,Midnight,103.94999999999999,25,False,Summer
2024-08-14,13.0,Movie_13,Sci-Fi,Morning,229.95,25,False,Summer
2024-08-15,13.0,Movie_13,Sci-Fi,Midnight,66.14999999999999,20,False,Summer
2024-08-16,13.0,Movie_13,Drama,Midnight,473.54999999999995,20,False,Summer
2024-08-17,13.0,Movie_13,Documentary,Noon,407.92499999999995,40,True,Summer
2024-08-18,13.0,Movie_13,Drama,Noon,751.275,30,True,Summer
2024-08-19,13.0,Movie_13,Documentary,Midnight,113.39999999999999,40,False,Summer
2024-08-20,13.0,Movie_13,Action,Midnight,242.54999999999998,15,False,Summer
2024-08-21,13.0,Movie_13,Sci-Fi,Noon,388.5,40,False,Summer
2024-08-22,13.0,Movie_13,Horror,Morning,201.6,25,False,Summer
2024-08-23,13.0,Movie_13,Sci-Fi,Noon,305.54999999999995,40,False,Summer
2024-08-24,13.0,Movie_13,Action,Midnight,754.425,35,True,Summer
2024-08-25,13.0,Movie_13,Comedy,Noon,760.7249999999999,10,True,Summer
2024-08-26,13.0,Movie_13,Documentary,Midnight,96.6,40,False,Summer
2024-08-27,13.0,Movie_13,Horror,Noon,175.35,25,False,Summer
2024-08-28,13.0,Movie_13,Sci-Fi,Noon,189.0,25,False,Summer
2024-08-29,13.0,Movie_13,Comedy,Midnight,65.1,30,False,Summer
2024-08-30,13.0,Movie_13,Comedy,Noon,506.09999999999997,35,False,Summer
2024-08-31,13.0,Movie_13,Comedy,Noon,767.025,15,True,Summer
2024-09-01,13.0,Movie_13,Drama,Noon,619.5,20,True,Fall
2024-09-02,13.0,Movie_13,Sci-Fi,Noon,57.0,30,False,Fall
2024-09-03,13.0,Movie_13,Comedy,Midnight,258.0,25,False,Fall
2024-09-04,13.0,Movie_13,Horror,Noon,193.0,35,False,Fall
2024-09-05,13.0,Movie_13,Sci-Fi,Midnight,56.0,30,False,Fall
2024-09-06,13.0,Movie_13,Drama,Noon,481.0,20,False,Fall
2024-09-07,13.0,Movie_13,Romance,Noon,205.5,40,True,Fall
2024-09-08,13.0,Movie_13,Action,Noon,342.0,25,True,Fall
2024-09-09,13.0,Movie_13,Romance,Midnight,288.0,40,False,Fall
2024-09-11,14.0,Movie_14,Action,Noon,256.0,40,False,Fall
2024-09-12,14.0,Movie_14,Romance,Midnight,415.0,25,False,Fall
2024-09-13,14.0,Movie_14,Horror,Noon,358.0,40,False,Fall
2024-09-14,14.0,Movie_14,Horror,Morning,483.0,15,True,Fall
2024-09-15,14.0,Movie_14,Sci-Fi,Midnight,678.0,35,True,Fall
2024-09-16,14.0,Movie_14,Drama,Morning,483.0,40,False,Fall
2024-09-17,14.0,Movie_14,Horror,Midnight,339.0,20,False,Fall
2024-09-18,14.0,Movie_14,Horror,Morning,407.0,15,False,Fall
2024-09-19,14.0,Movie_14,Horror,Noon,133.0,20,False,Fall
2024-09-20,14.0,Movie_14,Romance,Midnight,345.0,25,False,Fall
2024-09-21,14.0,Movie_14,Documentary,Noon,666.0,35,True,Fall
2024-09-22,14.0,Movie_14,Romance,Midnight,157.5,25,True,Fall
2024-09-23,14.0,Movie_14,Comedy,Noon,77.0,10,False,Fall
2024-09-24,14.0,Movie_14,Horror,Midnight,62.0,25,False,Fall
2024-09-25,14.0,Movie_14,Romance,Midnight,135.0,25,False,Fall
2024-09-26,14.0,Movie_14,Documentary,Morning,497.0,35,False,Fall
2024-09-27,14.0,Movie_14,Documentary,Noon,432.0,40,False,Fall
2024-09-28,14.0,Movie_14,Sci-Fi,Morning,120.0,40,True,Fall
2024-09-29,14.0,Movie_14,Drama,Midnight,526.5,35,True,Fall
2024-09-30,14.0,Movie_14,Romance,Noon,315.0,35,False,Fall
2024-10-01,14.0,Movie_14,Drama,Midnight,161.0,25,False,Fall
2024-10-02,14.0,Movie_14,Sci-Fi,Noon,194.0,10,False,Fall
2024-10-03,14.0,Movie_14,Documentary,Midnight,362.0,40,False,Fall
2024-10-04,14.0,Movie_14,Comedy,Noon,233.0,15,False,Fall
2024-10-05,14.0,Movie_14,Action,Noon,669.0,10,True,Fall
2024-10-06,14.0,Movie_14,Comedy,Noon,709.5,10,True,Fall
2024-10-07,14.0,Movie_14,Documentary,Midnight,320.0,40,False,Fall
2024-10-08,14.0,Movie_14,Documentary,Noon,216.0,30,False,Fall
2024-10-09,14.0,Movie_14,Action,Midnight,89.0,25,False,Fall
2024-10-10,14.0,Movie_14,Comedy,Midnight,131.0,30,False,Fall
2024-10-11,14.0,Movie_14,Action,Midnight,477.0,35,False,Fall
2024-10-12,14.0,Movie_14,Drama,Midnight,564.0,10,True,Fall
2024-10-13,14.0,Movie_14,Drama,Morning,673.5,40,True,Fall
2024-10-14,14.0,Movie_14,Documentary,Noon,236.0,10,False,Fall
2024-10-15,14.0,Movie_14,Sci-Fi,Noon,446.0,30,False,Fall
2024-10-16,14.0,Movie_14,Action,Morning,278.0,35,False,Fall
2024-10-17,14.0,Movie_14,Drama,Midnight,237.0,15,False,Fall
2024-10-18,14.0,Movie_14,Sci-Fi,Noon,181.0,25,False,Fall
2024-10-19,14.0,Movie_14,Documentary,Noon,495.0,30,True,Fall
2024-10-20,14.0,Movie_14,Drama,Noon,360.0,35,True,Fall
2024-10-21,14.0,Movie_14,Horror,Noon,271.0,20,False,Fall
2024-10-22,14.0,Movie_14,Horror,Noon,286.0,35,False,Fall
2024-10-23,14.0,Movie_14,Comedy,Noon,145.0,30,False,Fall
2024-10-24,14.0,Movie_14,Sci-Fi,Noon,296.0,35,False,Fall
2024-10-25,14.0,Movie_14,Action,Noon,255.0,20,False,Fall
2024-10-26,14.0,Movie_14,Comedy,Noon,457.5,20,True,Fall
2024-10-27,14.0,Movie_14,Horror,Morning,546.0,40,True,Fall
2024-10-28,14.0,Movie_14,Romance,Noon,239.0,25,False,Fall
2024-10-29,14.0,Movie_14,Action,Midnight,336.0,35,False,Fall
2024-10-30,14.0,Movie_14,Romance,Midnight,133.0,40,False,Fall
2024-10-31,14.0,Movie_14,Documentary,Noon,437.0,30,False,Fall
2024-11-01,14.0,Movie_14,Romance,Midnight,163.0,10,False,Fall
2024-11-02,14.0,Movie_14,Horror,Noon,381.0,10,True,Fall
2024-11-03,14.0,Movie_14,Sci-Fi,Noon,651.0,40,True,Fall
2024-11-04,14.0,Movie_14,Romance,Morning,457.0,15,False,Fall
2024-11-05,14.0,Movie_14,Comedy,Midnight,158.0,40,False,Fall
2024-11-06,14.0,Movie_14,Sci-Fi,Noon,313.0,20,False,Fall
2024-11-07,14.0,Movie_14,Comedy,Midnight,318.0,40,False,Fall
2024-11-08,14.0,Movie_14,Romance,Morning,205.0,10,False,Fall
2024-11-09,14.0,Movie_14,Romance,Noon,76.5,35,True,Fall
2024-11-10,14.0,Movie_14,Comedy,Morning,502.5,40,True,Fall
2024-11-11,14.0,Movie_14,Romance,Morning,270.0,35,False,Fall
2024-11-12,14.0,Movie_14,Sci-Fi,Morning,318.0,20,False,Fall
2024-11-13,14.0,Movie_14,Romance,Midnight,198.0,40,False,Fall
2024-11-14,14.0,Movie_14,Action,Noon,165.0,40,False,Fall
2024-11-15,14.0,Movie_14,Action,Noon,251.0,25,False,Fall
2024-11-16,14.0,Movie_14,Documentary,Noon,649.5,25,True,Fall
2024-11-17,14.0,Movie_14,Sci-Fi,Morning,543.0,25,True,Fall
2024-11-18,14.0,Movie_14,Action,Noon,416.0,10,False,Fall
2024-11-19,14.0,Movie_14,Horror,Noon,380.0,15,False,Fall
2024-11-20,14.0,Movie_14,Action,Midnight,286.0,35,False,Fall
2024-11-21,14.0,Movie_14,Action,Midnight,441.0,20,False,Fall
2024-11-22,14.0,Movie_14,Sci-Fi,Midnight,370.0,20,False,Fall
2024-11-23,14.0,Movie_14,Comedy,Midnight,630.0,20,True,Fall
2024-11-24,14.0,Movie_14,Documentary,Midnight,600.0,10,True,Fall
2024-11-25,14.0,Movie_14,Action,Midnight,270.0,30,False,Fall
2024-11-26,14.0,Movie_14,Romance,Noon,456.0,35,False,Fall
2024-11-27,14.0,Movie_14,Sci-Fi,Morning,151.0,30,False,Fall
2024-11-28,14.0,Movie_14,Romance,Noon,359.0,10,False,Fall
2024-11-29,14.0,Movie_14,Action,Noon,420.0,20,False,Fall
2024-11-30,14.0,Movie_14,Action,Noon,246.0,15,True,Fall
2024-12-01,14.0,Movie_14,Documentary,Noon,582.0,40,True,Winter
2024-12-02,14.0,Movie_14,Horror,Midnight,322.0,35,False,Winter
2024-12-04,15.0,Movie_15,Sci-Fi,Midnight,499.0,35,False,Winter
2024-12-05,15.0,Movie_15,Documentary,Noon,420.0,25,False,Winter
2024-12-06,15.0,Movie_15,Horror,Noon,267.0,10,False,Winter
2024-12-07,15.0,Movie_15,Drama,Noon,160.5,30,True,Winter
2024-12-08,15.0,Movie_15,Horror,Midnight,505.5,10,True,Winter
2024-12-09,15.0,Movie_15,Action,Noon,296.0,25,False,Winter
2024-12-10,15.0,Movie_15,Sci-Fi,Noon,235.0,25,False,Winter
2024-12-11,15.0,Movie_15,Drama,Midnight,409.0,20,False,Winter
2024-12-12,15.0,Movie_15,Horror,Morning,475.0,15,False,Winter
2024-12-13,15.0,Movie_15,Action,Midnight,257.0,15,False,Winter
2024-12-14,15.0,Movie_15,Horror,Noon,690.0,10,True,Winter
2024-12-15,15.0,Movie_15,Documentary,Noon,187.5,40,True,Winter
2024-12-16,15.0,Movie_15,Documentary,Midnight,286.0,10,False,Winter
2024-12-17,15.0,Movie_15,Documentary,Morning,116.0,15,False,Winter
2024-12-18,15.0,Movie_15,Sci-Fi,Noon,122.0,15,False,Winter
2024-12-19,15.0,Movie_15,Horror,Noon,59.0,20,False,Winter
2024-12-20,15.0,Movie_15,Drama,Noon,54.0,20,False,Winter
2024-12-21,15.0,Movie_15,Comedy,Midnight,243.0,40,True,Winter
2024-12-22,15.0,Movie_15,Drama,Midnight,231.0,30,True,Winter
2024-12-23,15.0,Movie_15,Horror,Midnight,224.0,15,False,Winter
2024-12-24,15.0,Movie_15,Documentary,Morning,389.0,25,False,Winter
2024-12-25,15.0,Movie_15,Documentary,Noon,136.0,40,False,Winter
2024-12-26,15.0,Movie_15,Action,Noon,138.0,15,False,Winter
2024-12-27,15.0,Movie_15,Sci-Fi,Noon,427.0,30,False,Winter
2024-12-28,15.0,Movie_15,Action,Noon,723.0,25,True,Winter
2024-12-29,15.0,Movie_15,Sci-Fi,Noon,742.5,30,True,Winter
2024-12-30,15.0,Movie_15,Action,Noon,343.0,30,False,Winter
2024-12-31,15.0,Movie_15,Documentary,Midnight,299.0,35,False,Winter
2024-09-17,14.0,Movie_14,Horror,Midnight,339.0,20,False,Fall
2022-11-06,4.0,Movie_4,Romance,Noon,147.0,30,True,Fall
2022-10-20,4.0,Movie_4,Romance,Midnight,79.0,15,False,Fall
2024-10-04,14.0,Movie_14,Comedy,Noon,233.0,15,False,Fall
2024-12-28,15.0,Movie_15,Action,Noon,723.0,25,True,Winter
2022-10-27,4.0,Movie_4,Action,Morning,247.0,25,False,Fall
2024-09-05,13.0,Movie_13,Sci-Fi,Midnight,56.0,30,False,Fall
2022-10-25,4.0,Movie_4,Horror,Midnight,352.0,20,False,Fall
2023-08-08,8.0,Movie_8,Action,Midnight,435.0,15,False,Summer
2022-04-16,2.0,Movie_2,Romance,Noon,684.0,20,True,Spring
2023-09-22,9.0,Movie_9,Horror,Midnight,230.0,15,False,Fall
2022-11-17,4.0,Movie_4,Sci-Fi,Midnight,266.0,30,False,Fall
2023-06-26,8.0,Movie_8,Drama,Midnight,565.5,25,False,Summer
2024-04-06,12.0,Movie_12,Comedy,Noon,354.0,30,True,Spring
2023-03-27,7.0,Movie_7,Documentary,Noon,294.0,10,False,Spring
2022-04-11,2.0,Movie_2,Romance,Midnight,202.0,25,False,Spring
2023-12-16,10.0,Movie_10,Horror,Noon,508.5,10,True,Winter
2023-10-28,9.0,Movie_9,Drama,Midnight,178.5,10,True,Fall
2022-04-08,2.0,Movie_2,Sci-Fi,Midnight,499.0,35,False,Spring
2022-07-04,3.0,Movie_3,Sci-Fi,Morning,319.5,40,False,Summer
2022-08-16,3.0,Movie_3,Drama,Noon,373.5,10,False,Summer
2024-12-11,15.0,Movie_15,Drama,Midnight,409.0,20,False,Winter
2024-09-13,14.0,Movie_14,Horror,Noon,358.0,40,False,Fall
2024-10-27,14.0,Movie_14,Horror,Morning,546.0,40,True,Fall
2023-12-21,10.0,Movie_10,Sci-Fi,Noon,406.0,10,False,Winter
2022-03-03,1.0,Movie_1,Comedy,Midnight,342.0,25,False,Spring
2024-06-29,13.0,Movie_13,Horror,Midnight,463.04999999999995,35,True,Summer
2022-07-30,3.0,Movie_3,Sci-Fi,Midnight,1021.5,35,True,Summer
2022-12-24,5.0,Movie_5,Documentary,Noon,492.0,10,True,Winter
2024-10-19,14.0,Movie_14,Documentary,Noon,495.0,30,True,Fall
2023-05-02,7.0,Movie_7,Horror,Morning,337.0,20,False,Spring
2022-06-01,2.0,Movie_2,Drama,Noon,562.5,15,False,Summer
2023-02-22,6.0,Movie_6,Horror,Midnight,191.0,20,False,Winter
2022-01-03,1.0,Movie_1,Horror,Morning,51.0,10,False,Winter
2023-05-31,8.0,Movie_8,Documentary,Noon,436.0,15,False,Spring
2022-05-14,2.0,Movie_2,Sci-Fi,Noon,288.0,20,True,Spring
2022-05-07,2.0,Movie_2,Comedy,Midnight,513.0,25,True,Spring
2024-04-08,12.0,Movie_12,Drama,Midnight,279.0,15,False,Spring
2023-10-16,9.0,Movie_9,Action,Midnight,291.0,15,False,Fall
2022-10-02,4.0,Movie_4,Action,Noon,703.5,35,True,Fall
2024-12-20,15.0,Movie_15,Drama,Noon,54.0,20,False,Winter
2022-10-31,4.0,Movie_4,Action,Noon,110.0,15,False,Fall
2024-10-31,14.0,Movie_14,Documentary,Noon,437.0,30,False,Fall
2022-01-02,1.0,Movie_1,Horror,Morning,376.5,15,True,Winter
2022-02-10,1.0,Movie_1,Sci-Fi,Noon,347.0,25,False,Winter
2024-07-07,13.0,Movie_13,Documentary,Morning,578.025,10,True,Summer
2024-07-20,13.0,Movie_13,Horror,Noon,552.8249999999999,15,True,Summer
2023-01-12,6.0,Movie_6,Romance,Midnight,180.0,10,False,Winter
2024-07-31,13.0,Movie_13,Drama,Noon,486.15,40,False,Summer
2024-03-05,11.0,Movie_11,Action,Midnight,358.0,40,False,Spring
2023-04-16,7.0,Movie_7,Documentary,Midnight,231.0,15,True,Spring
2024-06-05,12.0,Movie_12,Romance,Noon,197.39999999999998,30,False,Summer
2022-05-30,2.0,Movie_2,Sci-Fi,Noon,99.0,20,False,Spring
2022-03-02,1.0,Movie_1,Romance,Noon,419.0,35,False,Spring
2022-05-24,2.0,Movie_2,Romance,Midnight,85.0,30,False,Spring
2024-03-23,12.0,Movie_12,Documentary,Noon,144.0,40,True,Spring
2022-10-12,4.0,Movie_4,Comedy,Noon,479.0,25,False,Fall
2023-01-22,6.0,Movie_6,Sci-Fi,Morning,318.0,25,True,Winter
2023-08-25,9.0,Movie_9,Romance,Noon,390.0,25,False,Summer
2022-08-03,3.0,Movie_3,Comedy,Midnight,393.0,30,False,Summer
2024-04-27,12.0,Movie_12,Action,Midnight,544.5,40,True,Spring
2022-11-23,5.0,Movie_5,Documentary,Noon,176.0,40,False,Fall
2023-10-09,9.0,Movie_9,Comedy,Midnight,248.0,15,False,Fall
2024-01-01,11.0,Movie_11,Sci-Fi,Noon,290.0,20,False,Winter
2023-03-02,6.0,Movie_6,Sci-Fi,Morning,304.0,30,False,Spring
2024-03-15,11.0,Movie_11,Sci-Fi,Morning,468.0,25,False,Spring
2023-09-30,9.0,Movie_9,Action,Noon,399.0,30,True,Fall
2023-01-09,6.0,Movie_6,Romance,Midnight,318.0,15,False,Winter
2022-09-02,4.0,Movie_4,Sci-Fi,Morning,315.0,30,False,Fall
2023-11-05,9.0,Movie_9,Drama,Noon,577.5,15,True,Fall
2023-01-18,6.0,Movie_6,Comedy,Midnight,413.0,10,False,Winter
2023-12-10,10.0,Movie_10,Horror,Midnight,405.0,10,True,Winter
2024-01-18,11.0,Movie_11,Action,Noon,320.0,25,False,Winter
2023-12-05,10.0,Movie_10,Comedy,Noon,452.0,30,False,Winter
2022-03-22,1.0,Movie_1,Drama,Midnight,102.0,30,False,Spring
2022-02-26,1.0,Movie_1,Drama,Noon,336.0,30,True,Winter
2024-05-04,12.0,Movie_12,Romance,Noon,285.0,35,True,Spring
2022-06-27,3.0,Movie_3,Comedy,Midnight,510.0,35,False,Summer
2024-11-10,14.0,Movie_14,Comedy,Morning,502.5,40,True,Fall
2023-05-05,7.0,Movie_7,Comedy,Midnight,362.0,35,False,Spring
2023-06-03,8.0,Movie_8,Horror,Noon,785.25,20,True,Summer
2023-12-31,10.0,Movie_10,Sci-Fi,Noon,132.0,35,True,Winter
2024-05-13,12.0,Movie_12,Drama,Midnight,216.0,40,False,Spring
2022-05-08,2.0,Movie_2,Comedy,Noon,102.0,25,True,Spring
2023-04-05,7.0,Movie_7,Romance,Midnight,317.0,30,False,Spring
2024-07-02,13.0,Movie_13,Drama,Midnight,93.44999999999999,30,False,Summer
2023-07-27,8.0,Movie_8,Romance,Midnight,105.0,20,False,Summer
2024-12-18,15.0,Movie_15,Sci-Fi,Noon,122.0,15,False,Winter
2024-02-20,11.0,Movie_11,Drama,Morning,253.0,40,False,Winter
2023-01-26,6.0,Movie_6,Horror,Midnight,399.0,40,False,Winter
2023-11-22,10.0,Movie_10,Horror,Noon,166.0,35,False,Fall
2022-06-25,3.0,Movie_3,Horror,Noon,659.25,15,True,Summer
2023-10-10,9.0,Movie_9,Action,Midnight,74.0,15,False,Fall
2023-11-18,10.0,Movie_10,Romance,Midnight,88.5,25,True,Fall
2023-01-01,6.0,Movie_6,Drama,Midnight,462.0,20,True,Winter
2023-12-13,10.0,Movie_10,Documentary,Noon,470.0,10,False,Winter
2022-06-03,2.0,Movie_2,Action,Noon,604.5,40,False,Summer
2024-07-25,13.0,Movie_13,Action,Noon,451.49999999999994,35,False,Summer
2023-09-04,9.0,Movie_9,Romance,Midnight,211.0,10,False,Fall
2022-07-12,3.0,Movie_3,Horror,Morning,547.5,40,False,Summer
2023-05-20,8.0,Movie_8,Comedy,Noon,532.5,35,True,Spring
2023-06-04,8.0,Movie_8,Documentary,Noon,976.5,25,True,Summer
2023-05-28,8.0,Movie_8,Sci-Fi,Noon,177.0,30,True,Spring
2023-10-01,9.0,Movie_9,Sci-Fi,Midnight,271.5,20,True,Fall
2022-03-21,1.0,Movie_1,Sci-Fi,Noon,338.0,10,False,Spring
2022-02-09,1.0,Movie_1,Action,Noon,331.0,25,False,Winter
2023-06-02,8.0,Movie_8,Action,Noon,718.5,40,False,Summer
2022-11-18,4.0,Movie_4,Sci-Fi,Midnight,378.0,30,False,Fall
